Domain	Phylum	Class	Order	Family	Genus	Species	is_ethanol_resistant
Bacteria	Bacillota	Clostridia	Eubacteriales	Lachnospiraceae	Lachnospiraceae_unclassified	Eubacterium_rectale	Ethanol-resistant
Bacteria	Bacteroidota	Bacteroidia	Bacteroidales	Bacteroidaceae	Bacteroides	Bacteroides_uniformis	Ethanol-resistant
Bacteria	Bacteroidota	Bacteroidia	Bacteroidales	Bacteroidaceae	Phocaeicola	Phocaeicola_vulgatus	Ethanol-resistant
Bacteria	Bacillota	Clostridia	Eubacteriales	Lachnospiraceae	Fusicatenibacter	Fusicatenibacter_saccharivorans	Ethanol-resistant
Bacteria	Bacteroidota	Bacteroidia	Bacteroidales	Tannerellaceae	Parabacteroides	Parabacteroides_distasonis	Ethanol-resistant
Bacteria	Bacillota	Clostridia	Eubacteriales	Lachnospiraceae	Anaerostipes	Anaerostipes_hadrus	Ethanol-resistant
Bacteria	Bacillota	Clostridia	Eubacteriales	Lachnospiraceae	Blautia	Blautia_massiliensis	Ethanol-resistant
Bacteria	Bacillota	Clostridia	Eubacteriales	Oscillospiraceae	Faecalibacterium	Faecalibacterium_prausnitzii	Non ethanol-resistant
Bacteria	Bacillota	Clostridia	Eubacteriales	Oscillospiraceae	Ruminococcus	Ruminococcus_bromii	Ethanol-resistant
Bacteria	Bacillota	Clostridia	Eubacteriales	Lachnospiraceae	Blautia	Blautia_wexlerae	Ethanol-resistant
Bacteria	Bacillota	Negativicutes	Veillonellales	Veillonellaceae	Dialister	Dialister_invisus	Ethanol-resistant
Bacteria	Bacillota	Clostridia	Eubacteriales	Oscillospiraceae	Faecalibacterium	Faecalibacterium_sp_CLA_AA_H233	Non ethanol-resistant
Bacteria	Bacillota	Clostridia	Eubacteriales	Eubacteriales_unclassified	Gemmiger	Gemmiger_formicilis	Uncertain
Bacteria	Bacteroidota	Bacteroidia	Bacteroidales	Bacteroidaceae	Bacteroides	Bacteroides_stercoris	Uncertain
Bacteria	Bacteroidota	Bacteroidia	Bacteroidales	Bacteroidaceae	Bacteroides	Bacteroides_ovatus	Ethanol-resistant
Bacteria	Bacteroidota	Bacteroidia	Bacteroidales	Bacteroidaceae	Bacteroides	Bacteroides_faecis	Ethanol-resistant
Bacteria	Bacillota	Clostridia	Eubacteriales	Lachnospiraceae	Lachnospira	Lachnospira_eligens	Ethanol-resistant
Bacteria	Bacillota	Clostridia	Eubacteriales	Lachnospiraceae	Mediterraneibacter	Mediterraneibacter_faecis	Ethanol-resistant
Bacteria	Actinobacteria	Actinomycetia	Bifidobacteriales	Bifidobacteriaceae	Bifidobacterium	Bifidobacterium_catenulatum	Non ethanol-resistant
Bacteria	Actinobacteria	Actinomycetia	Bifidobacteriales	Bifidobacteriaceae	Bifidobacterium	Bifidobacterium_longum	Uncertain
Bacteria	Bacillota	Clostridia	Eubacteriales	Lachnospiraceae	Mediterraneibacter	Ruminococcus_lactaris	Ethanol-resistant
Bacteria	Bacteroidota	Bacteroidia	Bacteroidales	Barnesiellaceae	Barnesiella	Barnesiella_intestinihominis	Ethanol-resistant
Bacteria	Bacillota	Clostridia	Eubacteriales	Lachnospiraceae	Lachnospiraceae_unclassified	Lachnospiraceae_bacterium_CLA_AA_H244	Ethanol-resistant
Bacteria	Bacillota	Clostridia	Eubacteriales	Lachnospiraceae	Blautia	Blautia_SGB101324	Ethanol-resistant
Bacteria	Bacillota	Clostridia	Eubacteriales	Lachnospiraceae	GGB3740	GGB3740_SGB5076	Ethanol-resistant
Bacteria	Bacillota	Clostridia	Eubacteriales	Lachnospiraceae	Blautia	Blautia_faecis	Ethanol-resistant
Bacteria	Bacteroidota	Bacteroidia	Bacteroidales	Bacteroidaceae	Phocaeicola	Phocaeicola_dorei	Ethanol-resistant
Bacteria	Bacillota	Clostridia	Eubacteriales	Eubacteriales_unclassified	Eubacteriales_unclassified	Clostridiales_bacterium_KLE1615	Ethanol-resistant
Bacteria	Bacillota	Clostridia	Eubacteriales	Oscillospiraceae	Faecalibacterium	Faecalibacterium_SGB15346	Non ethanol-resistant
Bacteria	Bacillota	Clostridia	Eubacteriales	Lachnospiraceae	Anaerobutyricum	Anaerobutyricum_hallii	Ethanol-resistant
Bacteria	Proteobacteria	Betaproteobacteria	Burkholderiales	Sutterellaceae	Sutterella	Sutterella_wadsworthensis	Ethanol-resistant
Bacteria	Actinobacteria	Coriobacteriia	Coriobacteriales	Coriobacteriaceae	Collinsella	Collinsella_aerofaciens	Uncertain
Bacteria	Bacillota	Clostridia	Eubacteriales	Clostridiaceae	Clostridium	Clostridium_sp_AM22_11AC	Ethanol-resistant
Bacteria	Bacillota	Clostridia	Eubacteriales	Eubacteriaceae	Eubacterium	Eubacterium_ramulus	Ethanol-resistant
Bacteria	Bacillota	Clostridia	Eubacteriales	Oscillospiraceae	Agathobaculum	Agathobaculum_butyriciproducens	Ethanol-resistant
Bacteria	Bacillota	Clostridia	Eubacteriales	Lachnospiraceae	Roseburia	Roseburia_inulinivorans	Ethanol-resistant
Bacteria	Bacillota	Clostridia	Eubacteriales	Clostridiaceae	Clostridiaceae_unclassified	Clostridiaceae_bacterium	Ethanol-resistant
Bacteria	Bacillota	CFGB1765	OFGB1765	FGB1765	GGB4591	GGB4591_SGB6350	Ethanol-resistant
Bacteria	Bacillota	Clostridia	Eubacteriales	Oscillospiraceae	Lawsonibacter	Lawsonibacter_asaccharolyticus	Non ethanol-resistant
Bacteria	Bacteroidota	Bacteroidia	Bacteroidales	Bacteroidaceae	Bacteroides	Bacteroides_fragilis	Non ethanol-resistant
Bacteria	Bacillota	Clostridia	Eubacteriales	Lachnospiraceae	Mediterraneibacter	Ruminococcus_gnavus	Ethanol-resistant
Bacteria	Bacteroidota	Bacteroidia	Bacteroidales	Odoribacteraceae	Odoribacter	Odoribacter_splanchnicus	Ethanol-resistant
Bacteria	Bacillota	Clostridia	Eubacteriales	Oscillospiraceae	Pseudoflavonifractor	Pseudoflavonifractor_phocaeensis	Non ethanol-resistant
Bacteria	Bacillota	Clostridia	Eubacteriales	Oscillospiraceae	GGB9730	GGB9730_SGB15291	Uncertain
Bacteria	Bacillota	Clostridia	Eubacteriales	Oscillospiraceae	Dysosmobacter	Dysosmobacter_welbionis	Non ethanol-resistant
Bacteria	Bacillota	Clostridia	Eubacteriales	Lachnospiraceae	Roseburia	Roseburia_lenta	Ethanol-resistant
Bacteria	Bacillota	Erysipelotrichia	Erysipelotrichales	Erysipelotrichaceae	Erysipelatoclostridium	Erysipelatoclostridium_ramosum	Ethanol-resistant
Bacteria	Bacillota	Clostridia	Eubacteriales	Lachnospiraceae	Coprococcus	Coprococcus_catus	Ethanol-resistant
Bacteria	Bacillota	Clostridia	Eubacteriales	Lachnospiraceae	Blautia	Blautia_luti	Ethanol-resistant
Bacteria	Bacillota	Clostridia	Eubacteriales	Lachnospiraceae	Brotolimicola	Brotolimicola_acetigignens	Ethanol-resistant
Bacteria	Bacillota	Clostridia	Eubacteriales	Lachnospiraceae	Dorea	Dorea_sp_AF36_15AT	Uncertain
Bacteria	Bacillota	Clostridia	Eubacteriales	Clostridiaceae	Clostridium	Clostridium_sp_AF20_17LB	Ethanol-resistant
Bacteria	Actinobacteria	Coriobacteriia	Eggerthellales	Eggerthellaceae	Eggerthella	Eggerthella_lenta	Non ethanol-resistant
Bacteria	Bacillota	Clostridia	Eubacteriales	Lachnospiraceae	Dorea	Dorea_formicigenerans	Ethanol-resistant
Bacteria	Bacillota	Clostridia	Eubacteriales	Oscillospiraceae	Flavonifractor	Flavonifractor_plautii	Uncertain
Bacteria	Bacillota	CFGB1765	OFGB1765	FGB1765	GGB4599	GGB4599_SGB6362	Ethanol-resistant
Bacteria	Bacillota	Clostridia	Eubacteriales	Lachnospiraceae	Dorea	Dorea_longicatena	Ethanol-resistant
Bacteria	Bacillota	Clostridia	Eubacteriales	Lachnospiraceae	Roseburia	Roseburia_hominis	Ethanol-resistant
Bacteria	Bacillota	CFGB1765	OFGB1765	FGB1765	GGB4585	GGB4585_SGB6340	Ethanol-resistant
Bacteria	Bacillota	Clostridia	Eubacteriales	Clostridiaceae	Clostridium	Clostridium_sp_AM49_4BH	Ethanol-resistant
Bacteria	Bacillota	Clostridia	Eubacteriales	Lachnospiraceae	Jutongia	Jutongia_hominis	Uncertain
Bacteria	Bacillota	CFGB9583	OFGB9583	FGB9583	GGB3490	GGB3490_SGB4664	Uncertain
Bacteria	Bacillota	Clostridia	Eubacteriales	Lachnospiraceae	Faecalimonas	Faecalimonas_umbilicata	Uncertain
Bacteria	Bacillota	Clostridia	Eubacteriales	Clostridiaceae	Clostridium	Clostridium_sp_AF27_2AA	Ethanol-resistant
Bacteria	Bacillota	Erysipelotrichia	Erysipelotrichales	Erysipelotrichaceae	Erysipelatoclostridium	Clostridium_spiroforme	Ethanol-resistant
Bacteria	Bacillota	Clostridia	Eubacteriales	Eubacteriales_Family_XIII_Incertae_Sedis	Lentihominibacter	Lentihominibacter_faecis	Ethanol-resistant
Bacteria	Bacillota	Clostridia	Eubacteriales	Eubacteriaceae	Eubacterium	Eubacterium_ventriosum	Ethanol-resistant
Bacteria	Bacillota	Clostridia	Eubacteriales	Lachnospiraceae	Fusicatenibacter	Fusicatenibacter_sp_CLA_AA_H277	Ethanol-resistant
Bacteria	Bacillota	CFGB1292	OFGB1292	FGB1292	GGB3109	GGB3109_SGB4119	Uncertain
Bacteria	Bacillota	Clostridia	Eubacteriales	Lachnospiraceae	Blautia	Blautia_obeum	Ethanol-resistant
Bacteria	Bacillota	Firmicutes_unclassified	Firmicutes_unclassified	Firmicutes_unclassified	Firmicutes_unclassified	Firmicutes_bacterium	Non ethanol-resistant
Bacteria	Bacillota	Clostridia	Eubacteriales	Oscillospiraceae	GGB9619	GGB9619_SGB15067	Non ethanol-resistant
Bacteria	Bacillota	Bacilli	Lactobacillales	Streptococcaceae	Streptococcus	Streptococcus_salivarius	Ethanol-resistant
Bacteria	Actinobacteria	Actinomycetia	Bifidobacteriales	Bifidobacteriaceae	Bifidobacterium	Bifidobacterium_adolescentis	Uncertain
Bacteria	Proteobacteria	Deltaproteobacteria	Desulfovibrionales	Desulfovibrionaceae	Bilophila	Bilophila_wadsworthia	Ethanol-resistant
Bacteria	Bacillota	CFGB3047	OFGB3047	FGB3047	GGB52130	GGB52130_SGB14966	Non ethanol-resistant
Bacteria	Bacteroidota	Bacteroidia	Bacteroidales	Rikenellaceae	Alistipes	Alistipes_onderdonkii	Non ethanol-resistant
Bacteria	Bacillota	Clostridia	Eubacteriales	Lachnospiraceae	GGB3433	GGB3433_SGB4574	Ethanol-resistant
Bacteria	Bacillota	Clostridia	Eubacteriales	Clostridiaceae	Clostridiaceae_unclassified	Clostridiaceae_bacterium_Marseille_Q3526	Ethanol-resistant
Bacteria	Bacteria_unclassified	Bacteria_unclassified	Bacteria_unclassified	Bacteria_unclassified	Bacteria_unclassified	bacterium_210917_DFI_7_65	Non ethanol-resistant
Bacteria	Bacillota	Clostridia	Eubacteriales	Oscillospiraceae	Hydrogenoanaerobacterium	Hydrogenoanaerobacterium_saccharovorans	Non ethanol-resistant
Bacteria	Bacteroidota	Bacteroidia	Bacteroidales	Rikenellaceae	Alistipes	Alistipes_dispar	Non ethanol-resistant
Bacteria	Bacillota	Erysipelotrichia	Erysipelotrichales	Erysipelotrichaceae	Erysipelatoclostridium	Clostridium_innocuum	Uncertain
Bacteria	Bacillota	Clostridia	Eubacteriales	Oscillospiraceae	Pseudoflavonifractor	Pseudoflavonifractor_gallinarum	Non ethanol-resistant
Bacteria	Bacillota	Clostridia	Eubacteriales	Oscillospiraceae	Oscillospiraceae_unclassified	Clostridium_leptum	Ethanol-resistant
Bacteria	Bacillota	Erysipelotrichia	Erysipelotrichales	Erysipelotrichaceae	Holdemania	Holdemania_filiformis	Ethanol-resistant
Bacteria	Bacillota	Clostridia	Eubacteriales	Lachnospiraceae	Roseburia	Roseburia_intestinalis	Ethanol-resistant
Bacteria	Bacillota	Clostridia	Eubacteriales	Clostridiaceae	Clostridium	Clostridium_sp_AM33_3	Ethanol-resistant
Bacteria	Bacillota	Clostridia	Clostridia_unclassified	Clostridia_unclassified	Clostridia_unclassified	Clostridia_bacterium_UC5_1_1D1	Uncertain
Bacteria	Bacillota	Clostridia	Eubacteriales	Lachnospiraceae	Blautia	Blautia_SGB4815	Ethanol-resistant
Bacteria	Bacillota	Clostridia	Eubacteriales	Lachnospiraceae	Simiaoa	Simiaoa_sunii	Ethanol-resistant
Bacteria	Bacillota	Clostridia	Eubacteriales	Lachnospiraceae	Enterocloster	Enterocloster_citroniae	Ethanol-resistant
Bacteria	Bacillota	Clostridia	Eubacteriales	Lachnospiraceae	Lachnospiraceae_unclassified	Lachnospiraceae_bacterium_EP_SM_12S_S03	Non ethanol-resistant
Bacteria	Bacillota	Negativicutes	Veillonellales	Veillonellaceae	Veillonella	Veillonella_parvula	Uncertain
Bacteria	Bacillota	Clostridia	Eubacteriales	Lachnospiraceae	Mediterraneibacter	Mediterraneibacter_SGB48424	Non ethanol-resistant
Bacteria	Actinobacteria	Actinomycetia	Actinomycetales	Actinomycetaceae	Actinomyces	Actinomyces_sp_ICM47	Ethanol-resistant
Bacteria	Bacillota	CFGB72939	OFGB72939	FGB72939	GGB74511	GGB74511_SGB47635	Uncertain
Bacteria	Bacillota	Clostridia	Eubacteriales	Eubacteriaceae	Eubacterium	Eubacterium_SGB4961	Ethanol-resistant
Bacteria	Proteobacteria	CFGB2404	OFGB2404	FGB2404	GGB6613	GGB6613_SGB9347	Only ethanol treated samples
Bacteria	Actinobacteria	Coriobacteriia	Eggerthellales	Eggerthellaceae	Raoultibacter	Raoultibacter_massiliensis	Non ethanol-resistant
Bacteria	Candidatus_Saccharibacteria	Candidatus_Saccharibacteria_unclassified	Candidatus_Saccharibacteria_unclassified	Candidatus_Saccharibacteria_unclassified	Candidatus_Saccharibacteria_unclassified	TM7_phylum_sp_oral_taxon_352	Ethanol-resistant
Bacteria	Bacillota	Clostridia	Eubacteriales	Oscillospiraceae	Anaerotruncus	Anaerotruncus_colihominis	Non ethanol-resistant
Bacteria	Bacillota	Clostridia	Eubacteriales	Lachnospiraceae	Mediterraneibacter	Mediterraneibacter_glycyrrhizinilyticus	Non ethanol-resistant
Bacteria	Bacillota	Bacilli	Lactobacillales	Streptococcaceae	Streptococcus	Streptococcus_parasanguinis	Ethanol-resistant
Bacteria	Bacillota	Clostridia	Eubacteriales	Lachnospiraceae	Blautia	Blautia_producta	Non ethanol-resistant
Bacteria	Bacillota	Clostridia	Eubacteriales	Lachnospiraceae	Enterocloster	Enterocloster_clostridioformis	Ethanol-resistant
Bacteria	Bacillota	Clostridia	Eubacteriales	Oscillospiraceae	Oscillibacter	Oscillibacter_valericigenes	Non ethanol-resistant
Bacteria	Bacillota	Negativicutes	Veillonellales	Veillonellaceae	Veillonella	Veillonella_dispar	Ethanol-resistant
Bacteria	Bacillota	Clostridia	Eubacteriales	Oscillospiraceae	GGB9621	GGB9621_SGB15073	Non ethanol-resistant
Bacteria	Bacillota	CFGB1217	OFGB1217	FGB1217	GGB2982	GGB2982_SGB3964	Ethanol-resistant
Bacteria	Bacillota	Negativicutes	Veillonellales	Veillonellaceae	Veillonella	Veillonella_atypica	Only ethanol treated samples
Bacteria	Bacillota	Clostridia	Eubacteriales	Lachnospiraceae	Enterocloster	Enterocloster_lavalensis	Non ethanol-resistant
Bacteria	Bacillota	Clostridia	Eubacteriales	Lachnospiraceae	Roseburia	Roseburia_sp_AF02_12	Ethanol-resistant
Bacteria	Bacillota	CFGB1425	OFGB1425	FGB1425	GGB3491	GGB3491_SGB4665	Ethanol-resistant
Bacteria	Actinobacteria	Coriobacteriia	Eggerthellales	Eggerthellaceae	Adlercreutzia	Adlercreutzia_equolifaciens	Uncertain
Bacteria	Bacillota	Clostridia	Eubacteriales	Oscillospiraceae	Drancourtella	Drancourtella_massiliensis	Ethanol-resistant
Bacteria	Bacillota	Negativicutes	Veillonellales	Veillonellaceae	Veillonella	Veillonella_rogosae	Ethanol-resistant
Bacteria	Bacillota	Clostridia	Eubacteriales	Peptostreptococcaceae	Intestinibacter	Intestinibacter_bartlettii	Ethanol-resistant
Bacteria	Bacillota	Erysipelotrichia	Erysipelotrichales	Erysipelotrichaceae	Massilimicrobiota	Massilimicrobiota_timonensis	Uncertain
Bacteria	Bacillota	Bacilli	Lactobacillales	Streptococcaceae	Streptococcus	Streptococcus_sp_F0442	Ethanol-resistant
Bacteria	Bacillota	Bacilli	Lactobacillales	Streptococcaceae	Streptococcus	Streptococcus_australis	Ethanol-resistant
Bacteria	Actinobacteria	Actinomycetia	Bifidobacteriales	Bifidobacteriaceae	Bifidobacterium	Bifidobacterium_breve	Non ethanol-resistant
Bacteria	Actinobacteria	Actinomycetia	Actinomycetales	Actinomycetaceae	Schaalia	Schaalia_SGB17168	Ethanol-resistant
Bacteria	Bacillota	Bacilli	Lactobacillales	Carnobacteriaceae	Granulicatella	Granulicatella_SGB8255	Ethanol-resistant
Bacteria	Bacillota	Clostridia	Eubacteriales	Lachnospiraceae	Blautia	Blautia_sp_OF03_15BH	Ethanol-resistant
Bacteria	Bacillota	Clostridia	Eubacteriales	Lachnospiraceae	Blautia	Blautia_caecimuris	Uncertain
Bacteria	Bacillota	Clostridia	Eubacteriales	Lachnospiraceae	Blautia	Blautia_sp_MCC283	Ethanol-resistant
Bacteria	Proteobacteria	Gammaproteobacteria	Enterobacterales	Enterobacteriaceae	Escherichia	Escherichia_coli	Ethanol-resistant
Bacteria	Bacillota	Clostridia	Eubacteriales	Clostridiaceae	Massilioclostridium	Massilioclostridium_coli	Ethanol-resistant
Bacteria	Bacillota	Clostridia	Eubacteriales	Lachnospiraceae	Enterocloster	Enterocloster_aldenensis	Ethanol-resistant
Bacteria	Bacillota	Clostridia	Eubacteriales	Oscillospiraceae	Massiliimalia	Massiliimalia_timonensis	Only ethanol treated samples
Bacteria	Bacteroidota	Bacteroidia	Bacteroidales	Bacteroidaceae	Bacteroides	Bacteroides_thetaiotaomicron	Uncertain
Bacteria	Bacillota	Clostridia	Eubacteriales	Lachnospiraceae	Enterocloster	Enterocloster_bolteae	Uncertain
Bacteria	Bacillota	Bacilli	Bacillales	Bacillales_unclassified	Gemella	Gemella_sanguinis	Ethanol-resistant
Bacteria	Bacillota	Bacilli	Lactobacillales	Streptococcaceae	Streptococcus	Streptococcus_mitis	Ethanol-resistant
Bacteria	Actinobacteria	Actinomycetia	Micrococcales	Micrococcaceae	Rothia	Rothia_mucilaginosa	Only ethanol treated samples
Bacteria	Bacillota	Clostridia	Eubacteriales	Eubacteriaceae	Intestinibacillus	Intestinibacillus_sp_Marseille_P6563	Only ethanol treated samples
Bacteria	Bacillota	Clostridia	Eubacteriales	Oscillospiraceae	Neobittarella	Neobittarella_massiliensis	Uncertain
Bacteria	Bacillota	Clostridia	Eubacteriales	Lachnospiraceae	Roseburia	Roseburia_faecis	Ethanol-resistant
Bacteria	Bacillota	Bacilli	Lactobacillales	Streptococcaceae	Streptococcus	Streptococcus_thermophilus	Ethanol-resistant
Bacteria	Bacillota	Clostridia	Eubacteriales	Peptostreptococcaceae	Romboutsia	Romboutsia_timonensis	Ethanol-resistant
Bacteria	Bacillota	Bacilli	Lactobacillales	Lactobacillaceae	Lactobacillus	Lactobacillus_gasseri	Non ethanol-resistant
Bacteria	Bacillota	Bacilli	Lactobacillales	Streptococcaceae	Streptococcus	Streptococcus_vestibularis	Ethanol-resistant
Bacteria	Bacillota	Bacilli	Lactobacillales	Streptococcaceae	Lactococcus	Lactococcus_lactis	Ethanol-resistant
Bacteria	Bacillota	Bacilli	Lactobacillales	Streptococcaceae	Streptococcus	Streptococcus_mutans	Uncertain
Bacteria	Bacillota	Clostridia	Eubacteriales	Oscillospiraceae	Hydrogeniiclostridium	Hydrogeniiclostridium_mannosilyticum	Uncertain
Bacteria	Bacillota	Bacilli	Lactobacillales	Streptococcaceae	Streptococcus	Streptococcus_sanguinis	Only ethanol treated samples
Bacteria	Bacillota	Clostridia	Eubacteriales	Clostridiaceae	Butyricicoccus	Butyricicoccus_SGB14985	Non ethanol-resistant
Bacteria	Bacillota	Clostridia	Eubacteriales	Peptostreptococcaceae	GGB4456	GGB4456_SGB6141	Ethanol-resistant
Bacteria	Bacillota	Clostridia	Eubacteriales	Clostridiaceae	Clostridium	Clostridium_SGB6179	Ethanol-resistant
Bacteria	Bacillota	Clostridia	Eubacteriales	Clostridiaceae	Clostridium	Clostridium_SGB6173	Ethanol-resistant
Bacteria	Bacillota	Clostridia	Eubacteriales	Oscillospiraceae	Ruthenibacterium	Ruthenibacterium_lactatiformans	Ethanol-resistant
Bacteria	Bacillota	Bacilli	Lactobacillales	Streptococcaceae	Streptococcus	Streptococcus_oralis	Only ethanol treated samples
Bacteria	Actinobacteria	Actinomycetia	Actinomycetales	Actinomycetaceae	Actinomyces	Actinomyces_naeslundii	Non ethanol-resistant
Bacteria	Bacillota	Clostridia	Eubacteriales	Clostridiaceae	Clostridium	Clostridium_saudiense	Ethanol-resistant
Bacteria	Bacillota	Bacilli	Lactobacillales	Streptococcaceae	Streptococcus	Streptococcus_gordonii	Only ethanol treated samples
Bacteria	Actinobacteria	Actinomycetia	Propionibacteriales	Propionibacteriaceae	Propionibacterium	Propionibacterium_acidifaciens	Only ethanol treated samples
Bacteria	Actinobacteria	Actinomycetia	Actinomycetales	Actinomycetaceae	Actinomyces	Actinomyces_sp_oral_taxon_448	Only ethanol treated samples
Bacteria	Bacillota	Bacilli	Lactobacillales	Streptococcaceae	Streptococcus	Streptococcus_anginosus	Non ethanol-resistant
Bacteria	Actinobacteria	Actinomycetia	Actinomycetales	Actinomycetaceae	Actinomyces	Actinomyces_graevenitzii	Ethanol-resistant
Bacteria	Bacillota	Clostridia	Eubacteriales	Lachnospiraceae	GGB3583	GGB3583_SGB4799	Non ethanol-resistant
Bacteria	Bacillota	Clostridia	Eubacteriales	Lachnospiraceae	Faecalicatena	Faecalicatena_contorta	Uncertain
Bacteria	Candidatus_Saccharibacteria	Candidatus_Saccharibacteria_unclassified	Candidatus_Saccharibacteria_unclassified	Candidatus_Saccharibacteria_unclassified	Candidatus_Saccharibacteria_unclassified	TM7_phylum_sp_oral_taxon_348	Non ethanol-resistant
Bacteria	Bacillota	Negativicutes	Veillonellales	Veillonellaceae	Veillonella	Veillonella_tobetsuensis	Only ethanol treated samples
Bacteria	Actinobacteria	Actinomycetia	Bifidobacteriales	Bifidobacteriaceae	Bifidobacterium	Bifidobacterium_dentium	Non ethanol-resistant
Bacteria	Bacillota	Clostridia	Eubacteriales	Eubacteriales_Family_XIII_Incertae_Sedis	Mogibacterium	Mogibacterium_diversum	Only ethanol treated samples
Bacteria	Actinobacteria	Actinomycetia	Actinomycetales	Actinomycetaceae	Schaalia	Schaalia_SGB17157	Ethanol-resistant
Bacteria	Actinobacteria	Actinomycetia	Actinomycetales	Actinomycetaceae	Actinomyces	Actinomyces_gerencseriae	Only ethanol treated samples
Bacteria	Actinobacteria	Actinomycetia	Bifidobacteriales	Bifidobacteriaceae	Bifidobacterium	Bifidobacterium_bifidum	Uncertain
Bacteria	Bacillota	Clostridia	Eubacteriales	Clostridiaceae	Clostridium	Clostridium_sp_NSJ_42	Ethanol-resistant
Bacteria	Bacillota	Bacilli	Lactobacillales	Lactobacillaceae	Leuconostoc	Leuconostoc_mesenteroides	Only ethanol treated samples
Bacteria	Bacteroidota	Bacteroidia	Bacteroidales	Bacteroidaceae	Bacteroides	Bacteroides_caccae	Uncertain
Bacteria	Bacillota	Bacilli	Lactobacillales	Lactobacillaceae	Latilactobacillus	Latilactobacillus_sakei	Only ethanol treated samples
Bacteria	Bacillota	Bacilli	Lactobacillales	Lactobacillaceae	Lacticaseibacillus	Lacticaseibacillus_paracasei	Ethanol-resistant
Bacteria	Bacillota	Clostridia	Eubacteriales	Peptostreptococcaceae	Peptostreptococcus	Peptostreptococcus_anaerobius	Non ethanol-resistant
Bacteria	Bacillota	Tissierellia	Tissierellales	Peptoniphilaceae	Parvimonas	Parvimonas_parva	Non ethanol-resistant
Bacteria	Bacillota	Tissierellia	Tissierellales	Peptoniphilaceae	Peptoniphilus	Peptoniphilus_senegalensis	Non ethanol-resistant
Bacteria	Bacillota	Bacilli	Lactobacillales	Lactobacillaceae	Lentilactobacillus	Lentilactobacillus_diolivorans	Non ethanol-resistant
Bacteria	Bacillota	Clostridia	Eubacteriales	Eubacteriales_Family_XIII_Incertae_Sedis	Eubacteriales_Family_XIII_Incertae_Sedis_unclassified	Eubacteriales_Family_XIII_Incertae_Sedis_unclassified_SGB3978	Non ethanol-resistant
Bacteria	Bacillota	Bacilli	Lactobacillales	Lactobacillaceae	Lentilactobacillus	Lentilactobacillus_otakiensis	Non ethanol-resistant
Bacteria	Bacillota	Bacilli	Lactobacillales	Lactobacillaceae	Leuconostoc	Leuconostoc_carnosum	Uncertain
Bacteria	Bacillota	Bacilli	Lactobacillales	Lactobacillaceae	Lentilactobacillus	Lentilactobacillus_parabuchneri	Non ethanol-resistant
Bacteria	Bacillota	Bacilli	Lactobacillales	Lactobacillaceae	Lactiplantibacillus	Lactiplantibacillus_plantarum	Non ethanol-resistant
Bacteria	Actinobacteria	Actinomycetia	Actinomycetales	Actinomycetaceae	Schaalia	Schaalia_SGB17158	Only ethanol treated samples
Bacteria	Bacillota	Clostridia	Eubacteriales	Eubacteriales_unclassified	Fenollaria	Fenollaria_massiliensis	Non ethanol-resistant
Bacteria	Bacillota	Bacilli	Lactobacillales	Lactobacillaceae	Latilactobacillus	Latilactobacillus_curvatus	Only ethanol treated samples
Bacteria	Bacillota	Erysipelotrichia	Erysipelotrichales	Erysipelotrichaceae	Erysipelatoclostridium	Erysipelatoclostridium_sp_An15	Only ethanol treated samples
Bacteria	Bacillota	Clostridia	Eubacteriales	Eubacteriaceae	Anaerofustis	Anaerofustis_stercorihominis	Only ethanol treated samples
Bacteria	Bacillota	Erysipelotrichia	Erysipelotrichales	Erysipelotrichaceae	Solobacterium	Solobacterium_SGB6829	Only ethanol treated samples
Bacteria	Actinobacteria	Actinomycetia	Actinomycetales	Actinomycetaceae	Actinomyces	Actinomyces_oris	Only ethanol treated samples
Bacteria	Actinobacteria	Actinomycetia	Actinomycetales	Actinomycetaceae	Actinomyces	Actinomyces_bouchesdurhonensis	Only ethanol treated samples
Bacteria	Bacillota	Clostridia	Eubacteriales	Eubacteriales_Family_XIII_Incertae_Sedis	Eubacteriales_Family_XIII_Incertae_Sedis_unclassified	Eubacterium_sulci	Only ethanol treated samples
Bacteria	Bacillota	Erysipelotrichia	Erysipelotrichales	Erysipelotrichaceae	Solobacterium	Solobacterium_moorei	Non ethanol-resistant
Bacteria	Bacillota	Bacilli	Lactobacillales	Lactobacillaceae	Companilactobacillus	Companilactobacillus_versmoldensis	Non ethanol-resistant
Bacteria	Actinobacteria	Actinomycetia	Corynebacteriales	Corynebacteriaceae	Corynebacterium	Corynebacterium_durum	Only ethanol treated samples
Bacteria	Bacillota	Tissierellia	Tissierellales	Peptoniphilaceae	Peptoniphilus	Peptoniphilus_lacrimalis	Non ethanol-resistant
Bacteria	Bacillota	Erysipelotrichia	Erysipelotrichales	Erysipelotrichaceae	Solobacterium	Solobacterium_SGB6833	Non ethanol-resistant
Bacteria	Bacillota	Bacilli	Lactobacillales	Streptococcaceae	Streptococcus	Streptococcus_cristatus	Only ethanol treated samples
Bacteria	Bacillota	Bacilli	Lactobacillales	Streptococcaceae	Streptococcus	Streptococcus_rubneri	Ethanol-resistant
Bacteria	Actinobacteria	Actinomycetia	Actinomycetales	Actinomycetaceae	Schaalia	Schaalia_turicensis	Non ethanol-resistant
Bacteria	Fusobacteria	Fusobacteriia	Fusobacteriales	Fusobacteriaceae	Fusobacterium	Fusobacterium_gonidiaformans	Non ethanol-resistant
Bacteria	Actinobacteria	Coriobacteriia	Coriobacteriales	Atopobiaceae	Lancefieldella	Lancefieldella_parvula	Only ethanol treated samples
Bacteria	Actinobacteria	Actinomycetia	Actinomycetales	Actinomycetaceae	Actinobaculum	Actinobaculum_sp_oral_taxon_183	Only ethanol treated samples
Bacteria	Bacillota	Clostridia	Eubacteriales	Eubacteriales_unclassified	Evtepia	Evtepia_gabavorous	Ethanol-resistant
Bacteria	Bacillota	Clostridia	Eubacteriales	Lachnospiraceae	Blautia	Blautia_hansenii	Uncertain
Bacteria	Actinobacteria	Actinomycetia	Propionibacteriales	Propionibacteriaceae	Propionibacterium	Propionibacterium_freudenreichii	Non ethanol-resistant
Bacteria	Bacillota	Clostridia	Eubacteriales	Lachnospiraceae	Murimonas	Murimonas_intestini	Non ethanol-resistant
Bacteria	Bacillota	CFGB1249	OFGB1249	FGB1249	GGB3034	GGB3034_SGB4030	Non ethanol-resistant
Bacteria	Bacillota	Clostridia	Eubacteriales	Clostridiaceae	Hungatella	Hungatella_hathewayi	Non ethanol-resistant
Bacteria	Bacillota	Clostridia	Eubacteriales	Clostridiaceae	Clostridium	Clostridium_SGB4909	Ethanol-resistant
Bacteria	Bacillota	Erysipelotrichia	Erysipelotrichales	Erysipelotrichaceae	Dielma	Dielma_fastidiosa	Non ethanol-resistant
Bacteria	Bacillota	Erysipelotrichia	Erysipelotrichales	Erysipelotrichaceae	Amedibacterium	Amedibacterium_intestinale	Non ethanol-resistant
Bacteria	Bacillota	Bacilli	Lactobacillales	Enterococcaceae	Enterococcus	Enterococcus_faecium	Only ethanol treated samples
Bacteria	Bacteroidota	Bacteroidia	Bacteroidales	Tannerellaceae	Parabacteroides	Parabacteroides_merdae	Ethanol-resistant
Bacteria	Actinobacteria	Actinomycetia	Bifidobacteriales	Bifidobacteriaceae	Bifidobacterium	Bifidobacterium_animalis	Only ethanol treated samples
Bacteria	Bacillota	Bacilli	Lactobacillales	Streptococcaceae	Streptococcus	Streptococcus_gallolyticus	Non ethanol-resistant
Bacteria	Bacillota	Clostridia	Eubacteriales	Oscillospiraceae	Ruminococcus	Ruminococcus_sp_AF41_9	Ethanol-resistant
Bacteria	Bacillota	Bacilli	Lactobacillales	Streptococcaceae	Lactococcus	Lactococcus_cremoris	Ethanol-resistant
Bacteria	Bacillota	Bacilli	Lactobacillales	Lactobacillaceae	Leuconostoc	Leuconostoc_pseudomesenteroides	Uncertain
Bacteria	Actinobacteria	Actinomycetia	Actinomycetales	Actinomycetaceae	Schaalia	Schaalia_odontolytica	Ethanol-resistant
Bacteria	Bacillota	Negativicutes	Veillonellales	Veillonellaceae	GGB4266	GGB4266_SGB5805	Non ethanol-resistant
Bacteria	Proteobacteria	Gammaproteobacteria	Pasteurellales	Pasteurellaceae	Haemophilus	Haemophilus_sputorum	Non ethanol-resistant
Bacteria	Bacillota	Clostridia	Eubacteriales	Eubacteriales_incertae_sedis	Candidatus_Cibionibacter	Candidatus_Cibionibacter_quicibialis	Ethanol-resistant
Bacteria	Bacillota	Erysipelotrichia	Erysipelotrichales	Coprobacillaceae	Coprobacillus	Coprobacillus_cateniformis	Non ethanol-resistant
Bacteria	Bacteroidota	Bacteroidia	Bacteroidales	Prevotellaceae	Prevotella	Prevotella_bivia	Non ethanol-resistant
Bacteria	Bacteroidota	Bacteroidia	Bacteroidales	Prevotellaceae	Prevotella	Prevotella_disiens	Non ethanol-resistant
Bacteria	Actinobacteria	Coriobacteriia	Coriobacteriales	Atopobiaceae	Atopobium	Atopobium_deltae	Only ethanol treated samples
Bacteria	Bacillota	Clostridia	Eubacteriales	Lachnospiraceae	Lachnospira	Lachnospira_pectinoschiza	Ethanol-resistant
Bacteria	Bacteroidota	Bacteroidia	Bacteroidales	Bacteroidaceae	Bacteroides	Bacteroides_intestinalis	Uncertain
Bacteria	Bacillota	Clostridia	Eubacteriales	Lachnospiraceae	Faecalicatena	Faecalicatena_fissicatena	Ethanol-resistant
Bacteria	Proteobacteria	Betaproteobacteria	Burkholderiales	Sutterellaceae	Parasutterella	Parasutterella_SGB9260	Uncertain
Bacteria	Bacillota	Clostridia	Eubacteriales	Lachnospiraceae	Anaerobutyricum	Anaerobutyricum_soehngenii	Ethanol-resistant
Bacteria	Bacillota	Clostridia	Eubacteriales	Lachnospiraceae	Coprococcus	Coprococcus_comes	Ethanol-resistant
Bacteria	Bacillota	Clostridia	Eubacteriales	Clostridiaceae	Clostridium	Clostridium_sp_AT4	Uncertain
Bacteria	Bacillota	Clostridia	Eubacteriales	Lachnospiraceae	Lachnospiraceae_unclassified	Lachnospiraceae_unclassified_SGB4550	Non ethanol-resistant
Bacteria	Bacillota	CFGB1380	OFGB1380	FGB1380	GGB3363	GGB3363_SGB4447	Non ethanol-resistant
Bacteria	Bacteroidota	Bacteroidia	Bacteroidales	Barnesiellaceae	Coprobacter	Coprobacter_fastidiosus	Only ethanol treated samples
Bacteria	Bacillota	Clostridia	Eubacteriales	Lachnospiraceae	Lacrimispora	Lacrimispora_amygdalina	Ethanol-resistant
Bacteria	Bacillota	Clostridia	Eubacteriales	Lachnospiraceae	Mediterraneibacter	Ruminococcus_torques	Ethanol-resistant
Bacteria	Bacillota	Clostridia	Eubacteriales	Lachnospiraceae	Sellimonas	Sellimonas_intestinalis	Non ethanol-resistant
Bacteria	Bacillota	Clostridia	Eubacteriales	Lachnospiraceae	Mediterraneibacter	Mediterraneibacter_SGB4586	Non ethanol-resistant
Bacteria	Bacillota	Clostridia	Eubacteriales	Clostridiaceae	Clostridium	Clostridium_fessum	Ethanol-resistant
Bacteria	Bacillota	Clostridia	Eubacteriales	Clostridiaceae	Clostridium	Clostridium_SGB48024	Ethanol-resistant
Bacteria	Bacillota	CFGB1474	OFGB1474	FGB1474	GGB51269	GGB51269_SGB5062	Ethanol-resistant
Bacteria	Bacillota	Clostridia	Eubacteriales	Clostridiaceae	GGB3548	GGB3548_SGB4744	Non ethanol-resistant
Bacteria	Bacillota	CFGB1292	OFGB1292	FGB1292	GGB3109	GGB3109_SGB4121	Non ethanol-resistant
Bacteria	Bacillota	Clostridia	Eubacteriales	Lachnospiraceae	Lachnospiraceae_unclassified	Lachnospiraceae_bacterium	Ethanol-resistant
Bacteria	Bacillota	Clostridia	Eubacteriales	Lachnospiraceae	Enterocloster	Enterocloster_hominis	Uncertain
Bacteria	Bacillota	Clostridia	Eubacteriales	Oscillospiraceae	Oscillospiraceae_unclassified	Oscillospiraceae_bacterium_CLA_AA_H250	Ethanol-resistant
Bacteria	Bacillota	Clostridia	Eubacteriales	Clostridiaceae	Clostridium	Clostridium_SGB4751	Non ethanol-resistant
Bacteria	Bacteroidota	Bacteroidia	Bacteroidales	Rikenellaceae	Alistipes	Alistipes_shahii	Non ethanol-resistant
Bacteria	Bacillota	Clostridia	Eubacteriales	Clostridiaceae	Clostridiaceae_unclassified	Clostridiaceae_bacterium_Marseille_Q4143	Ethanol-resistant
Bacteria	Bacillota	Clostridia	Eubacteriales	Eubacteriaceae	Eubacteriaceae_unclassified	Eubacteriaceae_bacterium	Ethanol-resistant
Bacteria	Bacillota	Clostridia	Eubacteriales	Lachnospiraceae	GGB3606	GGB3606_SGB4870	Non ethanol-resistant
Bacteria	Bacillota	CFGB28775	OFGB28775	FGB28775	GGB3511	GGB3511_SGB4688	Non ethanol-resistant
Bacteria	Bacillota	Clostridia	Eubacteriales	Lachnospiraceae	GGB3600	GGB3600_SGB4861	Only ethanol treated samples
Bacteria	Bacillota	Clostridia	Eubacteriales	Lachnospiraceae	Lachnoclostridium	Clostridium_scindens	Uncertain
Bacteria	Bacillota	Erysipelotrichia	Erysipelotrichales	Erysipelotrichaceae	Longicatena	Longicatena_caecimuris	Non ethanol-resistant
Bacteria	Bacillota	Clostridia	Eubacteriales	Oscillospiraceae	Lawsonibacter	Lawsonibacter_SGB15145	Non ethanol-resistant
Bacteria	Bacillota	Clostridia	Eubacteriales	Oscillospiraceae	GGB9730	GGB9730_SGB15290	Non ethanol-resistant
Bacteria	Bacillota	Clostridia	Eubacteriales	Oscillospiraceae	GGB38744	GGB38744_SGB14842	Non ethanol-resistant
Bacteria	Bacillota	Clostridia	Eubacteriales	Lachnospiraceae	Oliverpabstia	Oliverpabstia_intestinalis	Ethanol-resistant
Bacteria	Bacillota	Clostridia	Eubacteriales	Lachnospiraceae	Lachnospira	Lachnospira_SGB5083	Non ethanol-resistant
Bacteria	Bacillota	Clostridia	Eubacteriales	Eubacteriales_unclassified	Eubacteriales_unclassified	Clostridiales_bacterium	Non ethanol-resistant
Bacteria	Bacillota	Clostridia	Clostridia_unclassified	Clostridia_unclassified	Clostridia_unclassified	Clostridia_bacterium	Uncertain
Bacteria	Bacillota	Clostridia	Eubacteriales	Lachnospiraceae	GGB3576	GGB3576_SGB4784	Non ethanol-resistant
Bacteria	Bacillota	Clostridia	Eubacteriales	Clostridiaceae	GGB3550	GGB3550_SGB4746	Non ethanol-resistant
Bacteria	Bacillota	CFGB9491	OFGB9491	FGB9491	GGB9491	GGB9491_SGB14888	Ethanol-resistant
Bacteria	Bacillota	Firmicutes_unclassified	Firmicutes_unclassified	Firmicutes_unclassified	GGB9512	GGB9512_SGB14909	Uncertain
Bacteria	Actinobacteria	Actinomycetia	Actinomycetales	Actinomycetaceae	Actinomyces	Actinomyces_SGB17132	Only ethanol treated samples
Bacteria	Fusobacteria	Fusobacteriia	Fusobacteriales	Fusobacteriaceae	Fusobacterium	Fusobacterium_ulcerans	Non ethanol-resistant
Bacteria	Actinobacteria	Coriobacteriia	Eggerthellales	Eggerthellaceae	Gordonibacter	Gordonibacter_urolithinfaciens	Non ethanol-resistant
Bacteria	Bacillota	Erysipelotrichia	Erysipelotrichales	Erysipelotrichaceae	Holdemania	Holdemania_massiliensis	Ethanol-resistant
Bacteria	Bacillota	Bacilli	Lactobacillales	Lactobacillaceae	Lactobacillus	Lactobacillus_delbrueckii	Only ethanol treated samples
Bacteria	Proteobacteria	Gammaproteobacteria	Pasteurellales	Pasteurellaceae	Haemophilus	Haemophilus_parainfluenzae	Ethanol-resistant
Bacteria	Bacillota	CFGB45628	OFGB45628	FGB45628	GGB58233	GGB58233_SGB79883	Non ethanol-resistant
Bacteria	Bacillota	Clostridia	Eubacteriales	Lachnospiraceae	Lachnoclostridium	Clostridium_symbiosum	Non ethanol-resistant
Bacteria	Bacillota	Clostridia	Eubacteriales	Lachnospiraceae	Blautia	Blautia_argi	Non ethanol-resistant
Bacteria	Bacillota	Clostridia	Eubacteriales	Oscillospiraceae	Vescimonas	Vescimonas_coprocola	Ethanol-resistant
Bacteria	Bacteroidota	Bacteroidia	Bacteroidales	Bacteroidaceae	Bacteroides	Bacteroides_xylanisolvens	Uncertain
Bacteria	Bacillota	CFGB1325	OFGB1325	FGB1325	GGB3175	GGB3175_SGB4191	Non ethanol-resistant
Bacteria	Bacteroidota	Bacteroidia	Bacteroidales	Bacteroidaceae	Phocaeicola	Phocaeicola_faecalis	Non ethanol-resistant
Bacteria	Proteobacteria	CFGB10055	OFGB10055	FGB10055	GGB6606	GGB6606_SGB9340	Non ethanol-resistant
Bacteria	Bacillota	CFGB3012	OFGB3012	FGB3012	GGB9480	GGB9480_SGB14874	Non ethanol-resistant
Bacteria	Verrucomicrobia	Verrucomicrobiae	Verrucomicrobiales	Akkermansiaceae	Akkermansia	Akkermansia_muciniphila	Ethanol-resistant
Bacteria	Bacteroidota	Bacteroidia	Bacteroidales	Bacteroidaceae	Bacteroides	Bacteroides_congonensis	Non ethanol-resistant
Bacteria	Bacillota	CFGB3038	OFGB3038	FGB3038	GGB9534	GGB9534_SGB14937	Uncertain
Bacteria	Bacillota	Clostridia	Eubacteriales	Clostridiaceae	Clostridium	Clostridium_sp_AF36_4	Ethanol-resistant
Bacteria	Bacillota	Clostridia	Eubacteriales	Oscillospiraceae	GGB32900	GGB32900_SGB53446	Uncertain
Bacteria	Bacillota	Clostridia	Eubacteriales	Eubacteriales_Family_XIII_Incertae_Sedis	GGB32387	GGB32387_SGB47381	Non ethanol-resistant
Bacteria	Proteobacteria	Betaproteobacteria	Burkholderiales	Oxalobacteraceae	Oxalobacter	Oxalobacter_formigenes	Non ethanol-resistant
Bacteria	Bacillota	Clostridia	Eubacteriales	Eubacteriales_Family_XIII_Incertae_Sedis	Zhenpiania	Zhenpiania_hominis	Only ethanol treated samples
Bacteria	Bacillota	Clostridia	Eubacteriales	Eubacteriaceae	Eubacterium	Eubacterium_callanderi	Non ethanol-resistant
Bacteria	Bacillota	Clostridia	Eubacteriales	Clostridiaceae	Lactonifactor	Lactonifactor_longoviformis	Non ethanol-resistant
Bacteria	Bacillota	CFGB72924	OFGB72924	FGB72924	GGB3612	GGB3612_SGB4882	Ethanol-resistant
Bacteria	Bacillota	Clostridia	Eubacteriales	Lachnospiraceae	GGB51441	GGB51441_SGB71759	Ethanol-resistant
Bacteria	Bacillota	Clostridia	Eubacteriales	Lachnospiraceae	Tyzzerella	Tyzzerella_SGB4587	Uncertain
Bacteria	Bacillota	Clostridia	Eubacteriales	Eubacteriales_Family_XIII_Incertae_Sedis	GGB2980	GGB2980_SGB3962	Non ethanol-resistant
Bacteria	Bacillota	Clostridia	Eubacteriales	Eubacteriales_unclassified	Intestinimonas	Intestinimonas_massiliensis	Non ethanol-resistant
Bacteria	Bacillota	Clostridia	Eubacteriales	Oscillospiraceae	Ruminococcus	Ruminococcus_callidus	Uncertain
Bacteria	Bacteria_unclassified	Bacteria_unclassified	Bacteria_unclassified	Bacteria_unclassified	Bacteria_unclassified	bacterium_210917_SL_2_15	Non ethanol-resistant
Bacteria	Actinobacteria	Coriobacteriia	Eggerthellales	Eggerthellaceae	Eggerthella	Eggerthella_guodeyinii	Non ethanol-resistant
Bacteria	Bacillota	Clostridia	Eubacteriales	Lachnospiraceae	GGB3819	GGB3819_SGB5184	Uncertain
Bacteria	Bacillota	Clostridia	Eubacteriales	Clostridiaceae	Clostridiaceae_unclassified	Clostridiaceae_bacterium_AF18_31LB	Ethanol-resistant
Bacteria	Bacillota	Clostridia	Eubacteriales	Oscillospiraceae	Provencibacterium	Provencibacterium_massiliense	Non ethanol-resistant
Bacteria	Bacillota	Clostridia	Eubacteriales	Oscillospiraceae	Oscillospiraceae_unclassified	Clostridium_methylpentosum	Non ethanol-resistant
Bacteria	Bacillota	Clostridia	Eubacteriales	Lachnospiraceae	Catenibacillus	Catenibacillus_scindens	Only ethanol treated samples
Bacteria	Bacillota	Clostridia	Eubacteriales	Oscillospiraceae	GGB9707	GGB9707_SGB15229	Non ethanol-resistant
Bacteria	Proteobacteria	Deltaproteobacteria	Desulfovibrionales	Desulfovibrionaceae	Desulfovibrio	Desulfovibrio_desulfuricans	Non ethanol-resistant
Bacteria	Bacillota	Clostridia	Eubacteriales	Clostridiaceae	Clostridium	Clostridium_sp_AM58_1XD	Non ethanol-resistant
Bacteria	Bacillota	CFGB3057	OFGB3057	FGB3057	GGB9719	GGB9719_SGB15272	Uncertain
Bacteria	Bacillota	Clostridia	Eubacteriales	Oscillospiraceae	Lawsonibacter	Lawsonibacter_faecis	Non ethanol-resistant
Bacteria	Bacillota	Clostridia	Eubacteriales	Lachnospiraceae	GGB3449	GGB3449_SGB4601	Non ethanol-resistant
Bacteria	Bacillota	Clostridia	Eubacteriales	Lachnospiraceae	GGB3537	GGB3537_SGB4727	Non ethanol-resistant
Bacteria	Bacillota	Clostridia	Eubacteriales	Christensenellaceae	Guopingia	Guopingia_tenuis	Non ethanol-resistant
Bacteria	Bacillota	Clostridia	Eubacteriales	Lachnospiraceae	Cuneatibacter	Cuneatibacter_caecimuris	Non ethanol-resistant
Bacteria	Bacillota	Clostridia	Eubacteriales	Clostridiaceae	Clostridium	Clostridium_sp_AM42_4	Non ethanol-resistant
Bacteria	Proteobacteria	Gammaproteobacteria	Pasteurellales	Pasteurellaceae	Haemophilus	Haemophilus_pittmaniae	Non ethanol-resistant
Bacteria	Bacillota	Clostridia	Eubacteriales	Oscillospiraceae	Anaeromassilibacillus	Anaeromassilibacillus_senegalensis	Uncertain
Bacteria	Bacillota	Clostridia	Eubacteriales	Lachnospiraceae	Anaerostipes	Anaerostipes_caccae	Uncertain
Bacteria	Bacillota	Clostridia	Eubacteriales	Oscillospiraceae	Bittarella	Bittarella_massiliensis	Non ethanol-resistant
Bacteria	Bacillota	CFGB45628	OFGB45628	FGB45628	GGB45613	GGB45613_SGB63326	Non ethanol-resistant
Bacteria	Bacillota	Clostridia	Eubacteriales	Lachnospiraceae	GGB3444	GGB3444_SGB4594	Non ethanol-resistant
Bacteria	Bacillota	Clostridia	Eubacteriales	Oscillospiraceae	Anaerofilum	Anaerofilum_hominis	Non ethanol-resistant
Bacteria	Bacillota	Clostridia	Eubacteriales	Oscillospiraceae	GGB9646	GGB9646_SGB15123	Non ethanol-resistant
Bacteria	Bacillota	Bacilli	Lactobacillales	Streptococcaceae	Lactococcus	Lactococcus_petauri	Non ethanol-resistant
Bacteria	Bacillota	Bacilli	Lactobacillales	Enterococcaceae	Enterococcus	Enterococcus_mundtii	Non ethanol-resistant
Bacteria	Bacillota	Bacilli	Lactobacillales	Enterococcaceae	Enterococcus	Enterococcus_faecalis	Non ethanol-resistant
Bacteria	Bacillota	Bacilli	Lactobacillales	Lactobacillaceae	Weissella	Weissella_cibaria	Non ethanol-resistant
Bacteria	Proteobacteria	Gammaproteobacteria	Enterobacterales	Enterobacteriaceae	Enterobacter	Enterobacter_ludwigii	Non ethanol-resistant
Bacteria	Bacillota	Clostridia	Eubacteriales	Oscillospiraceae	Pseudoflavonifractor	Pseudoflavonifractor_capillosus	Non ethanol-resistant
Bacteria	Proteobacteria	Gammaproteobacteria	Enterobacterales	Enterobacteriaceae	Enterobacter	Enterobacter_hormaechei	Uncertain
Bacteria	Proteobacteria	Deltaproteobacteria	Desulfovibrionales	Desulfovibrionaceae	Desulfovibrio	Desulfovibrio_fairfieldensis	Non ethanol-resistant
Bacteria	Bacillota	Clostridia	Eubacteriales	Oscillospiraceae	Phocea	Phocea_massiliensis	Uncertain
Bacteria	Proteobacteria	Gammaproteobacteria	Enterobacterales	Enterobacteriaceae	Klebsiella	Klebsiella_michiganensis	Only ethanol treated samples
Bacteria	Bacillota	Clostridia	Eubacteriales	Lachnospiraceae	Anaerotignum	Anaerotignum_faecicola	Ethanol-resistant
Bacteria	Bacillota	CFGB77241	OFGB77241	FGB77241	GGB45497	GGB45497_SGB63169	Uncertain
Bacteria	Bacillota	Clostridia	Eubacteriales	Oscillospiraceae	GGB9453	GGB9453_SGB14844	Non ethanol-resistant
Bacteria	Proteobacteria	Gammaproteobacteria	Enterobacterales	Enterobacteriaceae	Enterobacter	Enterobacter_kobei	Non ethanol-resistant
Bacteria	Proteobacteria	Gammaproteobacteria	Pasteurellales	Pasteurellaceae	Haemophilus	Haemophilus_paraphrohaemolyticus	Non ethanol-resistant
Bacteria	Bacillota	Erysipelotrichia	Erysipelotrichales	Turicibacteraceae	Turicibacter	Turicibacter_bilis	Ethanol-resistant
Bacteria	Bacillota	Clostridia	Eubacteriales	Oscillospiraceae	GGB9715	GGB9715_SGB15267	Non ethanol-resistant
Bacteria	Bacillota	Clostridia	Eubacteriales	Clostridiaceae	Clostridium	Clostridium_sp_1001270J_160509_D11	Ethanol-resistant
Bacteria	Bacillota	Clostridia	Eubacteriales	Lachnospiraceae	Wansuia	Wansuia_hejianensis	Ethanol-resistant
Bacteria	Bacillota	Clostridia	Eubacteriales	Oscillospiraceae	Oscillospiraceae_unclassified	Oscillospiraceae_bacterium	Ethanol-resistant
Bacteria	Bacillota	Clostridia	Eubacteriales	Christensenellaceae	Christensenella	Christensenella_sp_Marseille_P3954	Non ethanol-resistant
Bacteria	Bacillota	Clostridia	Eubacteriales	Eubacteriaceae	Eubacterium	Eubacterium_sp_c_25	Non ethanol-resistant
Bacteria	Bacillota	Bacilli	Lactobacillales	Lactobacillaceae	Leuconostoc	Leuconostoc_lactis	Non ethanol-resistant
Bacteria	Bacillota	Erysipelotrichia	Erysipelotrichales	Turicibacteraceae	Turicibacter	Turicibacter_sanguinis	Ethanol-resistant
Bacteria	Bacillota	Bacilli	Bacillales	Bacillaceae	Bacillus	Bacillus_sp_FJAT_27916	Non ethanol-resistant
Bacteria	Bacillota	Clostridia	Eubacteriales	Clostridiaceae	Clostridium	Clostridium_SGB6176	Ethanol-resistant
Bacteria	Bacillota	Clostridia	Eubacteriales	Peptostreptococcaceae	Romboutsia	Romboutsia_hominis	Only ethanol treated samples
Bacteria	Bacillota	Clostridia	Eubacteriales	Clostridiaceae	Clostridium	Clostridium_cuniculi	Only ethanol treated samples
Bacteria	Bacillota	Bacilli	Lactobacillales	Lactobacillaceae	Dellaglioa	Dellaglioa_algida	Non ethanol-resistant
Bacteria	Bacillota	Bacilli	Lactobacillales	Lactobacillaceae	Leuconostoc	Leuconostoc_gelidum	Non ethanol-resistant
Bacteria	Bacillota	Bacilli	Lactobacillales	Streptococcaceae	Streptococcus	Streptococcus_infantarius	Only ethanol treated samples
Bacteria	Bacillota	Bacilli	Lactobacillales	Lactobacillaceae	Leuconostoc	Leuconostoc_citreum	Only ethanol treated samples
Bacteria	Bacillota	Bacilli	Lactobacillales	Streptococcaceae	Lactococcus	Lactococcus_carnosus	Non ethanol-resistant
Bacteria	Bacillota	Tissierellia	Tissierellia_unclassified	Tissierellia_unclassified	Ezakiella	Ezakiella_coagulans	Non ethanol-resistant
Bacteria	Bacillota	Clostridia	Eubacteriales	Eubacteriales_unclassified	Levyella	Levyella_massiliensis	Non ethanol-resistant
Bacteria	Actinobacteria	Actinomycetia	Actinomycetales	Actinomycetaceae	GGB9832	GGB9832_SGB15478	Non ethanol-resistant
Bacteria	Bacillota	Bacilli	Lactobacillales	Lactobacillaceae	Dellaglioa	Dellaglioa_SGB96978	Only ethanol treated samples
Bacteria	Bacillota	Clostridia	Eubacteriales	Eubacteriales_Family_XIII_Incertae_Sedis	Eubacteriales_Family_XIII_Incertae_Sedis_unclassified	Clostridiales_bacterium_S5_A14a	Non ethanol-resistant
Bacteria	Bacillota	CFGB40183	OFGB40183	FGB40183	GGB42389	GGB42389_SGB59559	Uncertain
Bacteria	Bacteroidota	CFGB343	OFGB343	FGB343	GGB781	GGB781_SGB1024	Ethanol-resistant
Bacteria	Bacteroidota	Bacteroidia	Bacteroidales	Prevotellaceae	Segatella	Segatella_copri	Ethanol-resistant
Bacteria	Bacteroidota	Bacteroidia	Bacteroidales	Bacteroidaceae	Bacteroides	Bacteroides_mediterraneensis	Non ethanol-resistant
Bacteria	Bacillota	Clostridia	Eubacteriales	Oscillospiraceae	Ruminococcus	Ruminococcus_bicirculans	Ethanol-resistant
Bacteria	Bacillota	Clostridia	Eubacteriales	Oscillospiraceae	GGB9635	GGB9635_SGB15106	Non ethanol-resistant
Bacteria	Bacillota	Clostridia	Eubacteriales	Lachnospiraceae	Wujia	Wujia_chipingensis	Non ethanol-resistant
Bacteria	Bacillota	CFGB14936	OFGB14936	FGB14936	GGB3256	GGB3256_SGB4303	Ethanol-resistant
Bacteria	Bacteroidota	CFGB629	OFGB629	FGB629	GGB1495	GGB1495_SGB2071	Ethanol-resistant
Bacteria	Bacteroidota	Bacteroidia	Bacteroidales	Prevotellaceae	GGB1153	GGB1153_SGB1481	Non ethanol-resistant
Bacteria	Bacteroidota	Bacteroidia	Bacteroidales	Rikenellaceae	Alistipes	Alistipes_putredinis	Non ethanol-resistant
Bacteria	Bacteroidota	Bacteroidia	Bacteroidales	Bacteroidaceae	Phocaeicola	Phocaeicola_coprocola	Ethanol-resistant
Bacteria	Bacillota	CFGB1354	OFGB1354	FGB1354	GGB3304	GGB3304_SGB4367	Ethanol-resistant
Bacteria	Bacillota	CFGB1778	OFGB1778	FGB1778	GGB4713	GGB4713_SGB6526	Ethanol-resistant
Bacteria	Bacillota	CFGB1776	OFGB1776	FGB1776	GGB4684	GGB4684_SGB6478	Ethanol-resistant
Bacteria	Bacteroidota	CFGB658	OFGB658	FGB658	GGB1627	GGB1627_SGB2227	Non ethanol-resistant
Bacteria	Bacillota	Clostridia	Eubacteriales	Oscillospiraceae	GGB9636	GGB9636_SGB15107	Uncertain
Bacteria	Candidatus_Melainabacteria	Candidatus_Melainabacteria_unclassified	Candidatus_Gastranaerophilales	Candidatus_Gastranaerophilales_unclassified	Candidatus_Gastranaerophilales_unclassified	Candidatus_Gastranaerophilales_bacterium	Ethanol-resistant
Bacteria	Bacillota	Erysipelotrichia	Erysipelotrichales	Coprobacillaceae	Catenibacterium	Catenibacterium_tridentinum	Uncertain
Bacteria	Bacillota	Clostridia	Eubacteriales	Oscillospiraceae	Oscillibacter	Oscillibacter_sp_MSJ_31	Non ethanol-resistant
Bacteria	Bacillota	Clostridia	Eubacteriales	Oscillospiraceae	Faecalibacterium	Faecalibacterium_sp_HTFF	Uncertain
Bacteria	Bacillota	Clostridia	Eubacteriales	Oscillospiraceae	GGB9634	GGB9634_SGB15093	Non ethanol-resistant
Bacteria	Bacillota	Clostridia	Eubacteriales	Oscillospiraceae	GGB33469	GGB33469_SGB15236	Uncertain
Bacteria	Bacillota	Clostridia	Eubacteriales	Lachnospiraceae	Jutongia	Jutongia_huaianensis	Uncertain
Bacteria	Proteobacteria	Betaproteobacteria	Burkholderiales	Sutterellaceae	Duodenibacillus	Duodenibacillus_massiliensis	Uncertain
Bacteria	Bacillota	CFGB1765	OFGB1765	FGB1765	GGB4552	GGB4552_SGB6276	Ethanol-resistant
Bacteria	Bacillota	Clostridia	Eubacteriales	Lachnospiraceae	GGB3653	GGB3653_SGB4964	Ethanol-resistant
Bacteria	Bacillota	Clostridia	Eubacteriales	Oscillospiraceae	Oscillibacter	Oscillibacter_sp_ER4	Non ethanol-resistant
Bacteria	Actinobacteria	CFGB12107	OFGB12107	FGB12107	GGB34797	GGB34797_SGB14322	Uncertain
Bacteria	Proteobacteria	Deltaproteobacteria	Desulfovibrionales	Desulfovibrionaceae	Desulfovibrio	Desulfovibrio_piger	Uncertain
Bacteria	Bacillota	Clostridia	Eubacteriales	Oscillospiraceae	GGB9737	GGB9737_SGB15309	Non ethanol-resistant
Bacteria	Bacteroidota	Bacteroidia	Bacteroidales	Prevotellaceae	Paraprevotella	Paraprevotella_clara	Non ethanol-resistant
Bacteria	Bacillota	Erysipelotrichia	Erysipelotrichales	Erysipelotrichaceae	Holdemanella	Holdemanella_porci	Ethanol-resistant
Bacteria	Bacillota	Clostridia	Eubacteriales	Oscillospiraceae	GGB9715	GGB9715_SGB15265	Non ethanol-resistant
Bacteria	Bacillota	CFGB1201	OFGB1201	FGB1201	GGB2958	GGB2958_SGB3940	Ethanol-resistant
Bacteria	Bacillota	Clostridia	Eubacteriales	Oscillospiraceae	Oscillospiraceae_unclassified	Oscillospiraceae_unclassified_SGB15256	Ethanol-resistant
Bacteria	Bacteroidota	Bacteroidia	Bacteroidales	Rikenellaceae	Alistipes	Alistipes_communis	Non ethanol-resistant
Bacteria	Tenericutes	CFGB1787	OFGB1787	FGB1787	GGB4750	GGB4750_SGB6579	Ethanol-resistant
Bacteria	Bacillota	Clostridia	Eubacteriales	Oscillospiraceae	GGB13489	GGB13489_SGB15224	Uncertain
Bacteria	Bacillota	CFGB9120	OFGB9120	FGB9120	GGB4642	GGB4642_SGB6421	Ethanol-resistant
Bacteria	Bacillota	CFGB3054	OFGB3054	FGB3054	GGB9690	GGB9690_SGB15196	Non ethanol-resistant
Bacteria	Bacillota	CFGB9989	OFGB9989	FGB9989	GGB9712	GGB9712_SGB15244	Ethanol-resistant
Bacteria	Bacillota	Clostridia	Eubacteriales	Oscillospiraceae	GGB9699	GGB9699_SGB15216	Non ethanol-resistant
Bacteria	Bacillota	CFGB1765	OFGB1765	FGB1765	GGB4588	GGB4588_SGB6347	Ethanol-resistant
Bacteria	Bacillota	CFGB2889	OFGB2889	FGB2889	GGB9197	GGB9197_SGB14136	Non ethanol-resistant
Bacteria	Bacillota	CFGB1765	OFGB1765	FGB1765	GGB4605	GGB4605_SGB6378	Ethanol-resistant
Bacteria	Bacillota	CFGB2932	OFGB2932	FGB2932	GGB9261	GGB9261_SGB14209	Ethanol-resistant
Bacteria	Bacillota	CFGB10477	OFGB10477	FGB10477	GGB9345	GGB9345_SGB14311	Ethanol-resistant
Bacteria	Bacteroidota	Bacteroidia	Bacteroidales	Rikenellaceae	Alistipes	Alistipes_indistinctus	Non ethanol-resistant
Bacteria	Bacillota	Clostridia	Eubacteriales	Lachnospiraceae	Kineothrix	Kineothrix_SGB4886	Ethanol-resistant
Bacteria	Bacillota	CFGB1765	OFGB1765	FGB1765	GGB4566	GGB4566_SGB6305	Ethanol-resistant
Bacteria	Bacillota	Clostridia	Eubacteriales	Clostridiaceae	Clostridiaceae_unclassified	Clostridiaceae_bacterium_Marseille_Q4149	Uncertain
Bacteria	Bacillota	CFGB2984	OFGB2984	FGB2984	GGB9347	GGB9347_SGB14313	Uncertain
Bacteria	Bacillota	Erysipelotrichia	Erysipelotrichales	Erysipelotrichaceae	Faecalibacillus	Faecalibacillus_intestinalis	Ethanol-resistant
Bacteria	Bacillota	CFGB45555	OFGB45555	FGB45555	GGB9697	GGB9697_SGB15213	Uncertain
Bacteria	Bacillota	Clostridia	Eubacteriales	Lachnospiraceae	Blautia	Blautia_glucerasea	Ethanol-resistant
Bacteria	Actinobacteria	Coriobacteriia	Coriobacteriales	Atopobiaceae	Paratractidigestivibacter	Paratractidigestivibacter_faecalis	Non ethanol-resistant
Bacteria	Bacillota	Clostridia	Eubacteriales	Eubacteriaceae	GGB3722	GGB3722_SGB5050	Ethanol-resistant
Bacteria	Proteobacteria	Deltaproteobacteria	Desulfovibrionales	Desulfovibrionaceae	GGB9819	GGB9819_SGB15460	Non ethanol-resistant
Bacteria	Bacillota	CFGB1473	OFGB1473	FGB1473	GGB3730	GGB3730_SGB5060	Uncertain
Bacteria	Bacillota	Clostridia	Eubacteriales	Oscillospiraceae	GGB9708	GGB9708_SGB15234	Ethanol-resistant
Bacteria	Bacillota	Clostridia	Eubacteriales	Eubacteriales_unclassified	GGB9759	GGB9759_SGB15370	Ethanol-resistant
Bacteria	Bacteroidota	Bacteroidia	Bacteroidales	Odoribacteraceae	Butyricimonas	Butyricimonas_virosa	Ethanol-resistant
Bacteria	Actinobacteria	Coriobacteriia	Eggerthellales	Eggerthellaceae	GGB9423	GGB9423_SGB14792	Non ethanol-resistant
Bacteria	Bacteroidota	Bacteroidia	Bacteroidales	Rikenellaceae	Alistipes	Alistipes_finegoldii	Non ethanol-resistant
Bacteria	Bacillota	Clostridia	Eubacteriales	Oscillospiraceae	GGB9608	GGB9608_SGB15041	Uncertain
Bacteria	Bacillota	CFGB3023	OFGB3023	FGB3023	GGB9502	GGB9502_SGB14899	Ethanol-resistant
Bacteria	Bacillota	Clostridia	Eubacteriales	Oscillospiraceae	GGB9602	GGB9602_SGB15028	Ethanol-resistant
Bacteria	Bacillota	Clostridia	Eubacteriales	Lachnospiraceae	GGB3627	GGB3627_SGB4906	Uncertain
Bacteria	Bacteroidota	CFGB602	OFGB602	FGB602	GGB1420	GGB1420_SGB1957	Uncertain
Bacteria	Proteobacteria	Epsilonproteobacteria	Campylobacterales	Helicobacteraceae	Helicobacter	Helicobacter_cinaedi	Non ethanol-resistant
Bacteria	Bacillota	Clostridia	Eubacteriales	Oscillospiraceae	GGB9602	GGB9602_SGB15031	Ethanol-resistant
Bacteria	Bacillota	Clostridia	Eubacteriales	Lachnospiraceae	Coprococcus	Coprococcus_eutactus	Uncertain
Bacteria	Bacillota	CFGB9272	OFGB9272	FGB9272	GGB9296	GGB9296_SGB14253	Only ethanol treated samples
Bacteria	Bacillota	CFGB4605	OFGB4605	FGB4605	GGB13404	GGB13404_SGB14252	Uncertain
Bacteria	Bacillota	Clostridia	Eubacteriales	Oscillospiraceae	GGB9640	GGB9640_SGB15115	Ethanol-resistant
Bacteria	Lentisphaerae	Lentisphaeria	Victivallales	Victivallaceae	Victivallis	Victivallis_vadensis	Uncertain
Bacteria	Actinobacteria	Coriobacteriia	Eggerthellales	Eggerthellaceae	Slackia	Slackia_piriformis	Non ethanol-resistant
Bacteria	Bacteroidota	Bacteroidia	Bacteroidales	Bacteroidaceae	Phocaeicola	Phocaeicola_plebeius	Ethanol-resistant
Bacteria	Bacillota	CFGB2960	OFGB2960	FGB2960	GGB9302	GGB9302_SGB14263	Uncertain
Bacteria	Bacillota	CFGB79237	OFGB79237	FGB79237	GGB9061	GGB9061_SGB13979	Ethanol-resistant
Bacteria	Bacillota	Clostridia	Eubacteriales	Oscillospiraceae	GGB9614	GGB9614_SGB15049	Non ethanol-resistant
Bacteria	Actinobacteria	Coriobacteriia	Eggerthellales	Eggerthellaceae	Slackia	Slackia_isoflavoniconvertens	Non ethanol-resistant
Bacteria	Bacillota	CFGB79363	OFGB79363	FGB79363	GGB9288	GGB9288_SGB14243	Non ethanol-resistant
Bacteria	Bacillota	Clostridia	Eubacteriales	Lachnospiraceae	Blautia	Blautia_schinkii	Uncertain
Bacteria	Bacillota	Clostridia	Eubacteriales	Oscillospiraceae	Hydrogenoanaerobacterium	Hydrogenoanaerobacterium_SGB53821	Non ethanol-resistant
Bacteria	Bacillota	Clostridia	Eubacteriales	Lachnospiraceae	Lachnospiraceae_unclassified	Lachnospiraceae_bacterium_CLA_AA_H215	Ethanol-resistant
Bacteria	Bacillota	CFGB1226	OFGB1226	FGB1226	GGB2998	GGB2998_SGB3988	Ethanol-resistant
Bacteria	Bacillota	CFGB2954	OFGB2954	FGB2954	GGB9297	GGB9297_SGB14255	Non ethanol-resistant
Bacteria	Bacillota	CFGB3062	OFGB3062	FGB3062	GGB9747	GGB9747_SGB15356	Ethanol-resistant
Bacteria	Bacillota	Clostridia	Eubacteriales	Lachnospiraceae	GGB3474	GGB3474_SGB4637	Ethanol-resistant
Bacteria	Bacteroidota	Bacteroidia	Bacteroidales	Rikenellaceae	Alistipes	Alistipes_senegalensis	Non ethanol-resistant
Bacteria	Bacillota	Clostridia	Eubacteriales	Eubacteriales_unclassified	Gemmiger	Gemmiger_SGB15295	Uncertain
Bacteria	Bacillota	Clostridia	Eubacteriales	Oscillospiraceae	GGB33469	GGB33469_SGB15237	Uncertain
Bacteria	Bacillota	Clostridia	Eubacteriales	Lachnospiraceae	Jingyaoa	Jingyaoa_shaoxingensis	Uncertain
Bacteria	Bacillota	CFGB10021	OFGB10021	FGB10021	GGB9258	GGB9258_SGB14205	Non ethanol-resistant
Bacteria	Bacillota	CFGB10314	OFGB10314	FGB10314	GGB4703	GGB4703_SGB6510	Non ethanol-resistant
Bacteria	Bacteroidota	Bacteroidia	Bacteroidales	Porphyromonadaceae	Sanguibacteroides	Sanguibacteroides_justesenii	Non ethanol-resistant
Bacteria	Bacteroidota	Bacteroidia	Bacteroidales	Rikenellaceae	Alistipes	Alistipes_ihumii	Non ethanol-resistant
Bacteria	Bacillota	Clostridia	Eubacteriales	Lachnospiraceae	Lachnospiraceae_unclassified	Lachnospiraceae_bacterium_AM48_27BH	Ethanol-resistant
Bacteria	Bacillota	Clostridia	Eubacteriales	Eubacteriales_unclassified	GGB9760	GGB9760_SGB15373	Ethanol-resistant
Bacteria	Bacillota	CFGB2952	OFGB2952	FGB2952	GGB9293	GGB9293_SGB14250	Uncertain
Bacteria	Bacillota	Clostridia	Eubacteriales	Eubacteriales_unclassified	Colidextribacter	Colidextribacter_sp_210702_DFI_3_9	Uncertain
Bacteria	Bacillota	Clostridia	Eubacteriales	Oscillospiraceae	GGB9627	GGB9627_SGB15081	Uncertain
Bacteria	Verrucomicrobia	CFGB2165	OFGB2165	FGB2165	GGB6133	GGB6133_SGB8780	Uncertain
Bacteria	Bacillota	CFGB79291	OFGB79291	FGB79291	GGB9522	GGB9522_SGB14921	Ethanol-resistant
Bacteria	Actinobacteria	Coriobacteriia	Coriobacteriales	Coriobacteriaceae	Collinsella	Collinsella_tanakaei	Non ethanol-resistant
Bacteria	Bacillota	CFGB3072	OFGB3072	FGB3072	GGB9787	GGB9787_SGB15410	Uncertain
Bacteria	Bacillota	Clostridia	Eubacteriales	Oscillospiraceae	GGB9708	GGB9708_SGB15233	Ethanol-resistant
Bacteria	Bacillota	Clostridia	Eubacteriales	Clostridiaceae	Clostridium	Clostridium_SGB4750	Ethanol-resistant
Bacteria	Bacillota	CFGB9120	OFGB9120	FGB9120	GGB4642	GGB4642_SGB6422	Ethanol-resistant
Bacteria	Bacillota	CFGB45503	OFGB45503	FGB45503	GGB9790	GGB9790_SGB15413	Non ethanol-resistant
Bacteria	Bacillota	CFGB58251	OFGB58251	FGB58251	GGB9762	GGB9762_SGB15377	Non ethanol-resistant
Bacteria	Bacteroidota	Bacteroidia	Bacteroidales	Tannerellaceae	Parabacteroides	Parabacteroides_goldsteinii	Non ethanol-resistant
Bacteria	Actinobacteria	Coriobacteriia	Eggerthellales	Eggerthellaceae	GGB9365	GGB9365_SGB14341	Non ethanol-resistant
Bacteria	Bacillota	CFGB2949	OFGB2949	FGB2949	GGB9290	GGB9290_SGB14247	Non ethanol-resistant
Bacteria	Bacteroidota	Bacteroidia	Bacteroidales	Bacteroidaceae	Bacteroides	Bacteroides_cellulosilyticus	Non ethanol-resistant
Bacteria	Bacillota	CFGB2834	OFGB2834	FGB2834	GGB9062	GGB9062_SGB13981	Uncertain
Bacteria	Bacillota	CFGB79244	OFGB79244	FGB79244	GGB3325	GGB3325_SGB4402	Non ethanol-resistant
Bacteria	Bacillota	Clostridia	Eubacteriales	Lachnospiraceae	Lachnospiraceae_unclassified	Lachnospiraceae_bacterium_OF09_6	Ethanol-resistant
Bacteria	Bacillota	Clostridia	Eubacteriales	Clostridiaceae	Clostridiaceae_unclassified	Clostridiaceae_bacterium_Marseille_Q4145	Ethanol-resistant
Bacteria	Bacillota	Clostridia	Eubacteriales	Oscillospiraceae	GGB9619	GGB9619_SGB15066	Non ethanol-resistant
Bacteria	Bacillota	CFGB1262	OFGB1262	FGB1262	GGB3061	GGB3061_SGB4063	Ethanol-resistant
Bacteria	Bacillota	CFGB3048	OFGB3048	FGB3048	GGB9559	GGB9559_SGB14969	Uncertain
Bacteria	Bacillota	Clostridia	Eubacteriales	Oscillospiraceae	GGB9618	GGB9618_SGB15065	Non ethanol-resistant
Bacteria	Bacillota	Clostridia	Eubacteriales	Oscillospiraceae	Oscillospiraceae_unclassified	Oscillospiraceae_bacterium_Marseille_Q3528	Ethanol-resistant
Bacteria	Proteobacteria	Betaproteobacteria	Burkholderiales	Oxalobacteraceae	GGB6649	GGB6649_SGB9391	Ethanol-resistant
Bacteria	Bacillota	Clostridia	Eubacteriales	Eubacteriales_unclassified	Intestinimonas	Intestinimonas_sp_MSJ_38	Uncertain
Bacteria	Bacillota	Clostridia	Eubacteriales	Eubacteriales_Family_XIII_Incertae_Sedis	GGB2977	GGB2977_SGB3959	Only ethanol treated samples
Bacteria	Bacillota	CFGB3072	OFGB3072	FGB3072	GGB9781	GGB9781_SGB15402	Non ethanol-resistant
Bacteria	Bacillota	Clostridia	Eubacteriales	Clostridiaceae	Clostridium	Clostridium_sp_AF12_28	Uncertain
Bacteria	Bacillota	Clostridia	Eubacteriales	Lachnospiraceae	Mediterraneibacter	Mediterraneibacter_butyricigenes	Ethanol-resistant
Bacteria	Bacillota	Clostridia	Eubacteriales	Eubacteriaceae	Eubacterium	Eubacterium_sp_AF16_48	Ethanol-resistant
Bacteria	Bacillota	Clostridia	Eubacteriales	Oscillospiraceae	GGB34228	GGB34228_SGB72916	Non ethanol-resistant
Bacteria	Actinobacteria	Coriobacteriia	Coriobacteriales	Coriobacteriaceae	GGB51959	GGB51959_SGB72479	Non ethanol-resistant
Bacteria	Bacillota	Clostridia	Eubacteriales	Oscillospiraceae	GGB13493	GGB13493_SGB15238	Ethanol-resistant
Bacteria	Bacillota	CFGB1211	OFGB1211	FGB1211	GGB2970	GGB2970_SGB3952	Uncertain
Bacteria	Bacillota	CFGB3069	OFGB3069	FGB3069	GGB9767	GGB9767_SGB15385	Ethanol-resistant
Bacteria	Bacillota	Erysipelotrichia	Erysipelotrichales	Erysipelotrichaceae	Merdibacter	Merdibacter_massiliensis	Ethanol-resistant
Bacteria	Bacillota	CFGB3072	OFGB3072	FGB3072	GGB9788	GGB9788_SGB15411	Uncertain
Bacteria	Bacillota	CFGB1226	OFGB1226	FGB1226	GGB58485	GGB58485_SGB80143	Ethanol-resistant
Bacteria	Bacillota	CFGB52309	OFGB52309	FGB52309	GGB53380	GGB53380_SGB74412	Non ethanol-resistant
Bacteria	Bacillota	Clostridia	Eubacteriales	Eubacteriales_unclassified	GGB9760	GGB9760_SGB15374	Non ethanol-resistant
Bacteria	Bacillota	CFGB78645	OFGB78645	FGB78645	GGB33539	GGB33539_SGB53381	Uncertain
Bacteria	Bacillota	CFGB1011	OFGB1011	FGB1011	GGB2653	GGB2653_SGB3574	Uncertain
Bacteria	Lentisphaerae	Lentisphaeria	Victivallales	Victivallaceae	Victivallis	Victivallis_lenta	Uncertain
Bacteria	Bacillota	Clostridia	Eubacteriales	Lachnospiraceae	GGB3619	GGB3619_SGB4894	Ethanol-resistant
Bacteria	Bacillota	Clostridia	Eubacteriales	Yeguiaceae	Yeguia	Yeguia_hominis	Uncertain
Bacteria	Bacillota	CFGB38642	OFGB38642	FGB38642	GGB9758	GGB9758_SGB15368	Ethanol-resistant
Bacteria	Bacillota	CFGB1765	OFGB1765	FGB1765	GGB4571	GGB4571_SGB6317	Ethanol-resistant
Bacteria	Bacillota	CFGB77220	OFGB77220	FGB77220	GGB4774	GGB4774_SGB6609	Non ethanol-resistant
Bacteria	Bacillota	CFGB3072	OFGB3072	FGB3072	GGB9784	GGB9784_SGB15407	Non ethanol-resistant
Bacteria	Bacillota	CFGB2834	OFGB2834	FGB2834	GGB9064	GGB9064_SGB13983	Non ethanol-resistant
Bacteria	Bacillota	Clostridia	Eubacteriales	Oscillospiraceae	Anaerotruncus	Anaerotruncus_rubiinfantis	Non ethanol-resistant
Bacteria	Bacillota	Clostridia	Eubacteriales	Lachnospiraceae	GGB3593	GGB3593_SGB4817	Ethanol-resistant
Bacteria	Bacillota	Clostridia	Eubacteriales	Lachnospiraceae	Cuneatibacter	Cuneatibacter_sp_NSJ_177	Ethanol-resistant
Bacteria	Bacillota	Clostridia	Eubacteriales	Oscillospiraceae	Fournierella	Fournierella_massiliensis	Uncertain
Bacteria	Bacillota	CFGB2881	OFGB2881	FGB2881	GGB9189	GGB9189_SGB14128	Non ethanol-resistant
Bacteria	Bacillota	CFGB1374	OFGB1374	FGB1374	GGB3353	GGB3353_SGB4437	Ethanol-resistant
Bacteria	Verrucomicrobia	Opitutae	Puniceicoccales	Puniceicoccaceae	GGB52930	GGB52930_SGB73859	Non ethanol-resistant
Bacteria	Bacillota	Clostridia	Eubacteriales	Lachnospiraceae	Anaerotignum	Anaerotignum_sp_MSJ_24	Ethanol-resistant
Bacteria	Bacillota	CFGB3022	OFGB3022	FGB3022	GGB9499	GGB9499_SGB72735	Non ethanol-resistant
Bacteria	Bacillota	Clostridia	Eubacteriales	Oscillospiraceae	Lawsonibacter	Lawsonibacter_hominis	Non ethanol-resistant
Bacteria	Bacillota	Clostridia	Eubacteriales	Lachnospiraceae	Anaerosacchariphilus	Anaerosacchariphilus_sp_NSJ_68	Uncertain
Bacteria	Bacillota	CFGB3070	OFGB3070	FGB3070	GGB9775	GGB9775_SGB15395	Non ethanol-resistant
Bacteria	Bacillota	CFGB3069	OFGB3069	FGB3069	GGB9767	GGB9767_SGB15384	Ethanol-resistant
Bacteria	Bacillota	CFGB77202	OFGB77202	FGB77202	GGB34900	GGB34900_SGB14891	Uncertain
Bacteria	Bacillota	CFGB38642	OFGB38642	FGB38642	GGB9766	GGB9766_SGB15383	Ethanol-resistant
Bacteria	Bacillota	Clostridia	Eubacteriales	Lachnospiraceae	Lachnospiraceae_unclassified	Lachnospiraceae_bacterium_OM04_12BH	Ethanol-resistant
Bacteria	Lentisphaerae	Lentisphaeria	Victivallales	Victivallaceae	Victivallis	Victivallis_sp_Marseille_Q1083	Non ethanol-resistant
Bacteria	Actinobacteria	Coriobacteriia	Eggerthellales	Eggerthellaceae	GGB45432	GGB45432_SGB63101	Non ethanol-resistant
Bacteria	Bacillota	CFGB3004	OFGB3004	FGB3004	GGB58158	GGB58158_SGB79798	Non ethanol-resistant
Bacteria	Actinobacteria	Coriobacteriia	Eggerthellales	Eggerthellaceae	Slackia	Slackia_SGB14781	Non ethanol-resistant
Bacteria	Bacillota	CFGB1359	OFGB1359	FGB1359	GGB3321	GGB3321_SGB4394	Uncertain
Bacteria	Bacillota	Clostridia	Eubacteriales	Oscillospiraceae	GGB9611	GGB9611_SGB15045	Non ethanol-resistant
Bacteria	Bacillota	CFGB38642	OFGB38642	FGB38642	GGB9765	GGB9765_SGB15382	Uncertain
Bacteria	Bacteroidota	Bacteroidia	Bacteroidales	Barnesiellaceae	Coprobacter	Coprobacter_secundus	Non ethanol-resistant
Bacteria	Bacillota	Clostridia	Candidatus_Borkfalkiales	Candidatus_Borkfalkiaceae	GGB9101	GGB9101_SGB14033	Non ethanol-resistant
Bacteria	Bacillota	Clostridia	Eubacteriales	Oscillospiraceae	Oscillibacter	Oscillibacter_hominis	Non ethanol-resistant
Bacteria	Bacillota	CFGB2834	OFGB2834	FGB2834	GGB9063	GGB9063_SGB13982	Ethanol-resistant
Bacteria	Bacillota	Clostridia	Eubacteriales	Oscillospiraceae	GGB9237	GGB9237_SGB14179	Non ethanol-resistant
Bacteria	Bacillota	Clostridia	Eubacteriales	Oscillospiraceae	Oscillibacter	Oscillibacter_sp_PC13	Non ethanol-resistant
Bacteria	Bacillota	Clostridia	Eubacteriales	Eubacteriales_unclassified	Eubacteriales_unclassified	Eubacteriales_bacterium	Non ethanol-resistant
Bacteria	Bacillota	Clostridia	Eubacteriales	Lachnospiraceae	Mediterraneibacter	Mediterraneibacter_sp_NSJ_151	Ethanol-resistant
Bacteria	Bacillota	CFGB2997	OFGB2997	FGB2997	GGB9444	GGB9444_SGB14834	Non ethanol-resistant
Bacteria	Bacillota	Erysipelotrichia	Erysipelotrichales	Erysipelotrichaceae	Faecalibacillus	Faecalibacillus_faecis	Only ethanol treated samples
Bacteria	Bacillota	CFGB1126	OFGB1126	FGB1126	GGB2848	GGB2848_SGB3813	Non ethanol-resistant
Bacteria	Bacillota	Clostridia	Eubacteriales	Lachnospiraceae	Diplocloster	Diplocloster_agilis	Non ethanol-resistant
Bacteria	Bacillota	Clostridia	Eubacteriales	Oscillospiraceae	Youxingia	Youxingia_wuxianensis	Uncertain
Bacteria	Bacillota	CFGB3054	OFGB3054	FGB3054	GGB33512	GGB33512_SGB15203	Non ethanol-resistant
Bacteria	Bacillota	CFGB1347	OFGB1347	FGB1347	GGB3287	GGB3287_SGB4341	Only ethanol treated samples
Bacteria	Actinobacteria	Coriobacteriia	Coriobacteriales	Coriobacteriaceae	Collinsella	Collinsella_SGB14754	Non ethanol-resistant
Bacteria	Bacillota	Erysipelotrichia	Erysipelotrichales	Erysipelotrichaceae	Traorella	Traorella_massiliensis	Non ethanol-resistant
Bacteria	Bacillota	CFGB30328	OFGB30328	FGB30328	GGB52106	GGB52106_SGB72838	Non ethanol-resistant
Bacteria	Bacillota	Clostridia	Eubacteriales	Lachnospiraceae	Blautia	Blautia_hydrogenotrophica	Uncertain
Bacteria	Bacillota	Clostridia	Eubacteriales	Clostridiaceae	Clostridium	Clostridium_sp_Marseille_P3244	Only ethanol treated samples
Bacteria	Bacillota	CFGB2930	OFGB2930	FGB2930	GGB9253	GGB9253_SGB14199	Only ethanol treated samples
Bacteria	Bacillota	CFGB3069	OFGB3069	FGB3069	GGB9770	GGB9770_SGB15390	Uncertain
Bacteria	Bacillota	Clostridia	Eubacteriales	Feifaniaceae	Feifania	Feifania_hominis	Non ethanol-resistant
Bacteria	Bacillota	Clostridia	Eubacteriales	Clostridiaceae	GGB9575	GGB9575_SGB14988	Uncertain
Bacteria	Bacillota	Clostridia	Eubacteriales	Lachnospiraceae	Lachnotalea	Lachnotalea_sp_AF33_28	Uncertain
Bacteria	Bacillota	Clostridia	Eubacteriales	Eubacteriaceae	GGB35068	GGB35068_SGB47850	Uncertain
Bacteria	Bacillota	CFGB9119	OFGB9119	FGB9119	GGB4651	GGB4651_SGB6438	Ethanol-resistant
Bacteria	Bacillota	Clostridia	Eubacteriales	Oscillospiraceae	Oscillospiraceae_unclassified	Eubacterium_siraeum	Uncertain
Bacteria	Bacillota	CFGB2957	OFGB2957	FGB2957	GGB9299	GGB9299_SGB14259	Non ethanol-resistant
Bacteria	Bacillota	Clostridia	Eubacteriales	Oscillospiraceae	Congzhengia	Congzhengia_minquanensis	Ethanol-resistant
Bacteria	Bacillota	CFGB2839	OFGB2839	FGB2839	GGB9089	GGB9089_SGB14018	Only ethanol treated samples
Bacteria	Bacillota	CFGB3072	OFGB3072	FGB3072	GGB9786	GGB9786_SGB15409	Non ethanol-resistant
Bacteria	Bacillota	CFGB2959	OFGB2959	FGB2959	GGB9301	GGB9301_SGB14262	Only ethanol treated samples
Bacteria	Bacteroidota	Bacteroidia	Bacteroidales	Bacteroidaceae	Bacteroides	Bacteroides_faecalis	Non ethanol-resistant
Bacteria	Bacillota	CFGB3071	OFGB3071	FGB3071	GGB9778	GGB9778_SGB15398	Non ethanol-resistant
Bacteria	Bacillota	CFGB1227	OFGB1227	FGB1227	GGB3005	GGB3005_SGB3996	Non ethanol-resistant
Bacteria	Bacillota	CFGB1311	OFGB1311	FGB1311	GGB3140	GGB3140_SGB4153	Only ethanol treated samples
Bacteria	Bacillota	Clostridia	Candidatus_Borkfalkiales	Candidatus_Borkfalkiaceae	Candidatus_Borkfalkia	Candidatus_Borkfalkia_ceftriaxoniphila	Non ethanol-resistant
Bacteria	Bacillota	CFGB1765	OFGB1765	FGB1765	GGB4603	GGB4603_SGB6367	Ethanol-resistant
Bacteria	Bacillota	Clostridia	Eubacteriales	Oscillospiraceae	Massiliimalia	Massiliimalia_massiliensis	Only ethanol treated samples
Bacteria	Actinobacteria	Actinomycetia	Actinomycetales	Actinomycetaceae	Schaalia	Schaalia_SGB17154	Only ethanol treated samples
Bacteria	Bacillota	CFGB9238	OFGB9238	FGB9238	GGB74463	GGB74463_SGB54347	Non ethanol-resistant
Bacteria	Bacteroidota	Bacteroidia	Bacteroidales	Bacteroidaceae	Bacteroides	Bacteroides_bouchesdurhonensis	Non ethanol-resistant
Bacteria	Bacillota	Bacilli	Lactobacillales	Lactobacillaceae	Pediococcus	Pediococcus_pentosaceus	Non ethanol-resistant
Bacteria	Bacillota	CFGB9714	OFGB9714	FGB9714	GGB9711	GGB9711_SGB15240	Non ethanol-resistant
Bacteria	Proteobacteria	Gammaproteobacteria	Enterobacterales	Enterobacteriaceae	Klebsiella	Klebsiella_pneumoniae	Uncertain
Bacteria	Bacillota	CFGB1765	OFGB1765	FGB1765	GGB4596	GGB4596_SGB6358	Ethanol-resistant
Bacteria	Actinobacteria	Coriobacteriia	Eggerthellales	Eggerthellaceae	Raoultibacter	Raoultibacter_timonensis	Non ethanol-resistant
Bacteria	Actinobacteria	Coriobacteriia	Eggerthellales	Eggerthellaceae	Gordonibacter	Gordonibacter_massiliensis	Non ethanol-resistant
Bacteria	Bacillota	CFGB3048	OFGB3048	FGB3048	GGB9559	GGB9559_SGB14968	Uncertain
Bacteria	Bacillota	CFGB2982	OFGB2982	FGB2982	GGB9342	GGB9342_SGB14306	Non ethanol-resistant
Bacteria	Bacillota	Clostridia	Eubacteriales	Eubacteriales_unclassified	Intestinimonas	Intestinimonas_gabonensis	Non ethanol-resistant
Bacteria	Bacillota	CFGB3072	OFGB3072	FGB3072	GGB45491	GGB45491_SGB63163	Non ethanol-resistant
Bacteria	Bacillota	Clostridia	Eubacteriales	Clostridiaceae	Clostridium	Clostridium_sp_AM29_11AC	Uncertain
Bacteria	Bacillota	CFGB1765	OFGB1765	FGB1765	GGB4579	GGB4579_SGB6329	Ethanol-resistant
Bacteria	Bacillota	Clostridia	Eubacteriales	Eubacteriales_Family_XIII_Incertae_Sedis	Lentihominibacter	Lentihominibacter_SGB71368	Non ethanol-resistant
Bacteria	Bacillota	Clostridia	Eubacteriales	Eubacteriales_unclassified	Intestinimonas	Intestinimonas_butyriciproducens	Non ethanol-resistant
Bacteria	Bacillota	Firmicutes_unclassified	Firmicutes_unclassified	Firmicutes_unclassified	GGB52002	GGB52002_SGB72669	Non ethanol-resistant
Bacteria	Proteobacteria	Gammaproteobacteria	Enterobacterales	Enterobacteriaceae	Klebsiella	Klebsiella_oxytoca	Non ethanol-resistant
Bacteria	Bacillota	CFGB1765	OFGB1765	FGB1765	GGB4593	GGB4593_SGB6353	Uncertain
Bacteria	Bacillota	CFGB2950	OFGB2950	FGB2950	GGB9291	GGB9291_SGB14248	Non ethanol-resistant
Bacteria	Bacillota	CFGB13532	OFGB13532	FGB13532	GGB13532	GGB13532_SGB14832	Non ethanol-resistant
Bacteria	Bacillota	CFGB3038	OFGB3038	FGB3038	GGB9537	GGB9537_SGB14940	Non ethanol-resistant
Bacteria	Bacillota	Clostridia	Eubacteriales	Lachnospiraceae	Mediterraneibacter	Mediterraneibacter_massiliensis	Uncertain
Bacteria	Bacillota	Clostridia	Eubacteriales	Christensenellaceae	Luoshenia	Luoshenia_tenuis	Non ethanol-resistant
Bacteria	Proteobacteria	Gammaproteobacteria	Enterobacterales	Enterobacteriaceae	Citrobacter	Citrobacter_portucalensis	Non ethanol-resistant
Bacteria	Bacillota	Clostridia	Eubacteriales	Clostridiaceae	Clostridium	Clostridium_SGB6177	Ethanol-resistant
Bacteria	Bacteroidota	Bacteroidia	Bacteroidales	Prevotellaceae	Segatella	Segatella_sinensis	Uncertain
Bacteria	Bacteroidota	Bacteroidia	Bacteroidales	Prevotellaceae	Segatella	Segatella_brunsvicensis	Ethanol-resistant
Bacteria	Proteobacteria	Gammaproteobacteria	Enterobacterales	Enterobacteriaceae	Citrobacter	Citrobacter_sp_Res13_Sevr_PEB04_36	Non ethanol-resistant
Bacteria	Bacillota	Clostridia	Eubacteriales	Clostridiaceae	Clostridium	Clostridium_disporicum	Ethanol-resistant
Bacteria	Bacillota	Clostridia	Eubacteriales	Bianqueaceae	Bianquea	Bianquea_renquensis	Non ethanol-resistant
Bacteria	Bacillota	Erysipelotrichia	Erysipelotrichales	Erysipelotrichaceae	Holdemanella	Holdemanella_biformis	Ethanol-resistant
Bacteria	Proteobacteria	Epsilonproteobacteria	Campylobacterales	Campylobacteraceae	Campylobacter	Campylobacter_jejuni	Non ethanol-resistant
Bacteria	Bacillota	Clostridia	Eubacteriales	Clostridiaceae	Clostridium	Clostridium_celatum	Only ethanol treated samples
Bacteria	Bacillota	CFGB1765	OFGB1765	FGB1765	GGB4604	GGB4604_SGB6371	Uncertain
Bacteria	Bacillota	Clostridia	Eubacteriales	Oscillospiraceae	GGB9724	GGB9724_SGB15278	Non ethanol-resistant
Bacteria	Bacillota	Negativicutes	Veillonellales	Veillonellaceae	GGB4266	GGB4266_SGB5809	Uncertain
Bacteria	Bacillota	Bacilli	Lactobacillales	Lactobacillaceae	Lactobacillus	Lactobacillus_acidophilus	Uncertain
Bacteria	Bacillota	Clostridia	Eubacteriales	Clostridiaceae	Butyricicoccus	Butyricicoccus_intestinisimiae	Non ethanol-resistant
Bacteria	Lentisphaerae	CFGB2378	OFGB2378	FGB2378	GGB6520	GGB6520_SGB9210	Uncertain
Bacteria	Bacillota	Clostridia	Eubacteriales	Lachnospiraceae	Roseburia	Roseburia_sp_AM59_24XD	Uncertain
Bacteria	Bacillota	Clostridia	Eubacteriales	Lachnospiraceae	Blautia	Blautia_faecicola	Uncertain
Bacteria	Bacillota	CFGB1249	OFGB1249	FGB1249	GGB3033	GGB3033_SGB4029	Non ethanol-resistant
Bacteria	Proteobacteria	Betaproteobacteria	Burkholderiales	Sutterellaceae	GGB6580	GGB6580_SGB9301	Non ethanol-resistant
Bacteria	Bacillota	CFGB10341	OFGB10341	FGB10341	GGB4554	GGB4554_SGB6285	Uncertain
Bacteria	Bacillota	Clostridia	Eubacteriales	Oscillospiraceae	GGB9590	GGB9590_SGB15012	Uncertain
Bacteria	Bacillota	CFGB2837	OFGB2837	FGB2837	GGB9075	GGB9075_SGB13997	Uncertain
Bacteria	Bacillota	CFGB1298	OFGB1298	FGB1298	GGB3118	GGB3118_SGB4130	Uncertain
Bacteria	Bacillota	CFGB4559	OFGB4559	FGB4559	GGB2983	GGB2983_SGB3965	Uncertain
Bacteria	Bacillota	CFGB1798	OFGB1798	FGB1798	GGB4768	GGB4768_SGB6601	Ethanol-resistant
Bacteria	Bacillota	Clostridia	Eubacteriales	Oscillospiraceae	GGB9616	GGB9616_SGB15052	Non ethanol-resistant
Bacteria	Actinobacteria	Coriobacteriia	Eggerthellales	Eggerthellaceae	Gordonibacter	Gordonibacter_pamelaeae	Non ethanol-resistant
Bacteria	Bacillota	CFGB3070	OFGB3070	FGB3070	GGB9774	GGB9774_SGB15394	Non ethanol-resistant
Bacteria	Bacillota	Clostridia	Eubacteriales	Clostridiaceae	Clostridiaceae_unclassified	Clostridiaceae_unclassified_SGB4771	Non ethanol-resistant
Bacteria	Bacillota	Clostridia	Eubacteriales	Lachnospiraceae	GGB3588	GGB3588_SGB4808	Ethanol-resistant
Bacteria	Bacillota	Clostridia	Eubacteriales	Lachnospiraceae	Blautia	Blautia_SGB4833	Ethanol-resistant
Bacteria	Bacillota	Clostridia	Eubacteriales	Oscillospiraceae	GGB9618	GGB9618_SGB15064	Ethanol-resistant
Bacteria	Bacillota	Clostridia	Eubacteriales	Clostridiaceae	Clostridium	Clostridium_perfringens	Uncertain
Bacteria	Bacillota	Clostridia	Eubacteriales	Clostridiaceae	Butyricicoccus	Butyricicoccus_SGB14990	Non ethanol-resistant
Bacteria	Bacillota	Clostridia	Eubacteriales	Clostridiaceae	GGB3480	GGB3480_SGB4648	Uncertain
Bacteria	Bacillota	CFGB1311	OFGB1311	FGB1311	GGB3139	GGB3139_SGB4152	Uncertain
Bacteria	Bacillota	Clostridia	Eubacteriales	Oscillospiraceae	GGB9635	GGB9635_SGB15103	Non ethanol-resistant
Bacteria	Actinobacteria	CFGB2992	OFGB2992	FGB2992	GGB9412	GGB9412_SGB14770	Non ethanol-resistant
Bacteria	Bacteroidota	Bacteroidia	Bacteroidales	Odoribacteraceae	Butyricimonas	Butyricimonas_faecihominis	Ethanol-resistant
Bacteria	Actinobacteria	Coriobacteriia	Coriobacteriales	Coriobacteriaceae	Senegalimassilia	Senegalimassilia_SGB14826	Non ethanol-resistant
Bacteria	Bacillota	CFGB3023	OFGB3023	FGB3023	GGB9501	GGB9501_SGB14898	Ethanol-resistant
Bacteria	Bacillota	CFGB3048	OFGB3048	FGB3048	GGB9561	GGB9561_SGB14972	Uncertain
Bacteria	Bacillota	Clostridia	Eubacteriales	Lachnospiraceae	GGB3626	GGB3626_SGB4905	Uncertain
Bacteria	Bacillota	Erysipelotrichia	Erysipelotrichales	Erysipelotrichaceae	Erysipelatoclostridium	Clostridium_saccharogumia	Uncertain
Bacteria	Bacteroidota	Bacteroidia	Bacteroidales	Odoribacteraceae	Butyricimonas	Butyricimonas_paravirosa	Non ethanol-resistant
Bacteria	Bacillota	Clostridia	Eubacteriales	Clostridiaceae	Clostridium	Clostridium_paraputrificum	Only ethanol treated samples
Bacteria	Bacillota	Clostridia	Eubacteriales	Lachnospiraceae	Lachnospira	Lachnospira_sp_NSJ_43	Non ethanol-resistant
Bacteria	Bacillota	CFGB16911	OFGB16911	FGB16911	GGB49418	GGB49418_SGB69331	Ethanol-resistant
Bacteria	Bacillota	Clostridia	Eubacteriales	Lachnospiraceae	GGB58067	GGB58067_SGB79698	Uncertain
Bacteria	Actinobacteria	Coriobacteriia	Coriobacteriales	Coriobacteriaceae	Senegalimassilia	Senegalimassilia_anaerobia	Non ethanol-resistant
Bacteria	Bacillota	Clostridia	Eubacteriales	Oscillospiraceae	GGB9708	GGB9708_SGB15235	Uncertain
Bacteria	Actinobacteria	CFGB77988	OFGB77988	FGB77988	GGB9361	GGB9361_SGB14336	Non ethanol-resistant
Bacteria	Bacteroidota	Bacteroidia	Bacteroidales	Bacteroidaceae	Bacteroides	Bacteroides_finegoldii	Non ethanol-resistant
Bacteria	Bacillota	Clostridia	Eubacteriales	Oscillospiraceae	Pseudoflavonifractor	Pseudoflavonifractor_sp_MSJ_37	Non ethanol-resistant
Bacteria	Bacillota	Clostridia	Eubacteriales	Oscillospiraceae	GGB9667	GGB9667_SGB15164	Non ethanol-resistant
Bacteria	Bacillota	Negativicutes	Acidaminococcales	Acidaminococcaceae	Phascolarctobacterium	Phascolarctobacterium_faecium	Uncertain
Bacteria	Bacillota	Clostridia	Eubacteriales	Oscillospiraceae	Vescimonas	Vescimonas_fastidiosa	Uncertain
Bacteria	Bacillota	CFGB78291	OFGB78291	FGB78291	GGB3146	GGB3146_SGB4159	Only ethanol treated samples
Bacteria	Proteobacteria	Betaproteobacteria	Burkholderiales	Sutterellaceae	Parasutterella	Parasutterella_excrementihominis	Ethanol-resistant
Bacteria	Bacillota	CFGB1374	OFGB1374	FGB1374	GGB3351	GGB3351_SGB4434	Non ethanol-resistant
Bacteria	Bacillota	Clostridia	Eubacteriales	Bianqueaceae	Bianquea	Bianquea_SGB71281	Uncertain
Bacteria	Bacillota	Clostridia	Eubacteriales	Lachnospiraceae	GGB38239	GGB38239_SGB47716	Uncertain
Bacteria	Bacillota	CFGB2840	OFGB2840	FGB2840	GGB9092	GGB9092_SGB14022	Uncertain
Bacteria	Bacillota	Clostridia	Eubacteriales	Lachnospiraceae	Blautia	Blautia_stercoris	Ethanol-resistant
Bacteria	Bacillota	CFGB1765	OFGB1765	FGB1765	GGB4578	GGB4578_SGB6328	Uncertain
Bacteria	Bacillota	Bacilli	Lactobacillales	Lactobacillaceae	Leuconostoc	Leuconostoc_fallax	Non ethanol-resistant
Bacteria	Bacillota	Clostridia	Eubacteriales	Clostridiaceae	GGB3478	GGB3478_SGB4643	Uncertain
Bacteria	Bacillota	CFGB1765	OFGB1765	FGB1765	GGB4604	GGB4604_SGB6369	Ethanol-resistant
Bacteria	Bacteroidota	CFGB1670	OFGB1670	FGB1670	GGB47687	GGB47687_SGB2286	Non ethanol-resistant
Bacteria	Bacteroidota	CFGB667	OFGB667	FGB667	GGB1661	GGB1661_SGB2275	Non ethanol-resistant
Bacteria	Bacillota	CFGB3040	OFGB3040	FGB3040	GGB9540	GGB9540_SGB14943	Non ethanol-resistant
Bacteria	Bacillota	CFGB1814	OFGB1814	FGB1814	GGB4802	GGB4802_SGB6641	Non ethanol-resistant
Bacteria	Bacillota	Clostridia	Eubacteriales	Oscillospiraceae	Ligaoa	Ligaoa_zhengdingensis	Non ethanol-resistant
Bacteria	Bacillota	Firmicutes_unclassified	Firmicutes_unclassified	Firmicutes_unclassified	GGB9509	GGB9509_SGB14906	Non ethanol-resistant
Bacteria	Bacillota	CFGB3038	OFGB3038	FGB3038	GGB33586	GGB33586_SGB53517	Uncertain
Bacteria	Bacillota	CFGB28369	OFGB28369	FGB28369	GGB28369	GGB28369_SGB40949	Non ethanol-resistant
Bacteria	Bacillota	CFGB3072	OFGB3072	FGB3072	GGB45495	GGB45495_SGB63167	Non ethanol-resistant
Bacteria	Bacillota	CFGB1347	OFGB1347	FGB1347	GGB3288	GGB3288_SGB4342	Only ethanol treated samples
Bacteria	Bacillota	Clostridia	Eubacteriales	Oscillospiraceae	GGB9597	GGB9597_SGB15022	Non ethanol-resistant
Bacteria	Bacteroidota	Bacteroidia	Bacteroidales	Bacteroidaceae	Bacteroides	Bacteroides_nordii	Non ethanol-resistant
Bacteria	Bacillota	Clostridia	Eubacteriales	Clostridiaceae	Clostridium	Clostridium_sp_NSJ_6	Non ethanol-resistant
Bacteria	Bacillota	Clostridia	Eubacteriales	Oscillospiraceae	Flavonifractor	Flavonifractor_sp_An100	Non ethanol-resistant
Bacteria	Bacillota	Clostridia	Eubacteriales	Lachnospiraceae	Mediterraneibacter	Mediterraneibacter_SGB4598	Non ethanol-resistant
Bacteria	Bacillota	Clostridia	Eubacteriales	Eubacteriales_Family_XIII_Incertae_Sedis	GGB2987	GGB2987_SGB3969	Non ethanol-resistant
Bacteria	Bacillota	CFGB2918	OFGB2918	FGB2918	GGB9240	GGB9240_SGB14182	Uncertain
Bacteria	Proteobacteria	Gammaproteobacteria	Enterobacterales	Enterobacteriaceae	Klebsiella	Klebsiella_variicola	Non ethanol-resistant
Bacteria	Bacillota	Clostridia	Eubacteriales	Clostridiaceae	GGB27106	GGB27106_SGB6188	Ethanol-resistant
Bacteria	Bacillota	Bacilli	Lactobacillales	Lactobacillaceae	Lacticaseibacillus	Lacticaseibacillus_rhamnosus	Uncertain
Bacteria	Bacillota	Bacilli	Lactobacillales	Lactobacillaceae	Leuconostoc	Leuconostoc_miyukkimchii	Non ethanol-resistant
Bacteria	Bacillota	Clostridia	Eubacteriales	Clostridiaceae	Clostridium	Clostridium_SGB47280	Ethanol-resistant
Bacteria	Bacillota	CFGB3038	OFGB3038	FGB3038	GGB9531	GGB9531_SGB14932	Non ethanol-resistant
Bacteria	Bacillota	CFGB3072	OFGB3072	FGB3072	GGB9781	GGB9781_SGB66170	Non ethanol-resistant
Bacteria	Bacillota	CFGB3057	OFGB3057	FGB3057	GGB9719	GGB9719_SGB53514	Non ethanol-resistant
Bacteria	Bacillota	CFGB3038	OFGB3038	FGB3038	GGB9529	GGB9529_SGB14929	Non ethanol-resistant
Bacteria	Bacillota	Clostridia	Eubacteriales	Lachnospiraceae	GGB3677	GGB3677_SGB4990	Uncertain
Bacteria	Bacillota	Clostridia	Eubacteriales	Lachnospiraceae	Eisenbergiella	Eisenbergiella_tayi	Non ethanol-resistant
Bacteria	Bacillota	Clostridia	Eubacteriales	Lachnospiraceae	Lachnoclostridium	Lachnoclostridium_edouardi	Non ethanol-resistant
Bacteria	Bacillota	Bacilli	Lactobacillales	Lactobacillaceae	Leuconostoc	Leuconostoc_kimchii	Non ethanol-resistant
Bacteria	Bacillota	Clostridia	Eubacteriales	Oscillospiraceae	Angelakisella	Angelakisella_massiliensis	Non ethanol-resistant
Bacteria	Bacillota	CFGB31455	OFGB31455	FGB31455	GGB4699	GGB4699_SGB6503	Non ethanol-resistant
Bacteria	Bacillota	CFGB2837	OFGB2837	FGB2837	GGB9079	GGB9079_SGB14003	Uncertain
Bacteria	Bacillota	CFGB1765	OFGB1765	FGB1765	GGB87334	GGB87334_SGB6273	Uncertain
Bacteria	Bacillota	CFGB79294	OFGB79294	FGB79294	GGB87445	GGB87445_SGB15180	Non ethanol-resistant
Bacteria	Bacillota	Bacilli	Lactobacillales	Enterococcaceae	Enterococcus	Enterococcus_casseliflavus	Non ethanol-resistant
Bacteria	Bacillota	CFGB1780	OFGB1780	FGB1780	GGB4723	GGB4723_SGB6540	Uncertain
Bacteria	Bacillota	Clostridia	Eubacteriales	Lachnospiraceae	GGB3828	GGB3828_SGB5197	Only ethanol treated samples
Bacteria	Bacillota	Clostridia	Eubacteriales	Clostridiaceae	GGB42639	GGB42639_SGB59836	Only ethanol treated samples
Bacteria	Bacillota	Clostridia	Eubacteriales	Lachnospiraceae	GGB3534	GGB3534_SGB4722	Non ethanol-resistant
Bacteria	Bacillota	CFGB2915	OFGB2915	FGB2915	GGB36267	GGB36267_SGB14177	Non ethanol-resistant
Bacteria	Bacillota	Clostridia	Eubacteriales	Lachnospiraceae	Merdimonas	Merdimonas_faecis	Non ethanol-resistant
Bacteria	Bacillota	Clostridia	Eubacteriales	Christensenellaceae	Christensenellaceae_unclassified	Christensenellaceae_bacterium	Non ethanol-resistant
Bacteria	Bacillota	Clostridia	Eubacteriales	Lachnospiraceae	Lachnoclostridium	Lachnoclostridium_sp_An118	Non ethanol-resistant
Bacteria	Bacteroidota	Bacteroidia	Bacteroidales	Porphyromonadaceae	Porphyromonas	Porphyromonas_SGB1977	Non ethanol-resistant
Bacteria	Actinobacteria	Actinomycetia	Actinomycetales	Actinomycetaceae	Mobiluncus	Mobiluncus_SGB15488	Non ethanol-resistant
Bacteria	Actinobacteria	Actinomycetia	Actinomycetales	Actinomycetaceae	Varibaculum	Varibaculum_cambriense	Non ethanol-resistant
Bacteria	Bacteroidota	CFGB618	OFGB618	FGB618	GGB1455	GGB1455_SGB2018	Non ethanol-resistant
Bacteria	Bacillota	Clostridia	Eubacteriales	Eubacteriales_unclassified	Fenollaria	Fenollaria_timonensis	Non ethanol-resistant
Bacteria	Bacillota	Clostridia	Eubacteriales	Lachnospiraceae	GGB3446	GGB3446_SGB4597	Non ethanol-resistant
Bacteria	Bacillota	CFGB1260	OFGB1260	FGB1260	GGB3057	GGB3057_SGB4059	Non ethanol-resistant
Bacteria	Bacillota	Bacilli	Lactobacillales	Enterococcaceae	Enterococcus	Enterococcus_durans	Non ethanol-resistant
Bacteria	Tenericutes	CFGB1787	OFGB1787	FGB1787	GGB4745	GGB4745_SGB6571	Non ethanol-resistant
Bacteria	Proteobacteria	Gammaproteobacteria	Enterobacterales	Enterobacteriaceae	Enterobacter	Enterobacter_roggenkampii	Non ethanol-resistant
Bacteria	Proteobacteria	Gammaproteobacteria	Enterobacterales	Enterobacteriaceae	Pseudescherichia	Pseudescherichia_vulneris	Only ethanol treated samples
Bacteria	Bacillota	Erysipelotrichia	Erysipelotrichales	Turicibacteraceae	Turicibacter	Turicibacter_SGB106351	Only ethanol treated samples
Bacteria	Bacteroidota	CFGB658	OFGB658	FGB658	GGB1627	GGB1627_SGB2230	Uncertain
Bacteria	Bacillota	CFGB1765	OFGB1765	FGB1765	GGB4542	GGB4542_SGB6263	Non ethanol-resistant
Bacteria	Bacillota	CFGB4806	OFGB4806	FGB4806	GGB51647	GGB51647_SGB4348	Ethanol-resistant
Bacteria	Bacillota	Clostridia	Eubacteriales	Eubacteriales_Family_XIII_Incertae_Sedis	Mogibacterium	Mogibacterium_kristiansenii	Non ethanol-resistant
Bacteria	Lentisphaerae	CFGB10083	OFGB10083	FGB10083	GGB10693	GGB10693_SGB17348	Non ethanol-resistant
Bacteria	Proteobacteria	Betaproteobacteria	Burkholderiales	Sutterellaceae	Sutterella	Sutterella_sp_AM11_39	Ethanol-resistant
Bacteria	Bacillota	Erysipelotrichia	Erysipelotrichales	Coprobacillaceae	Catenibacterium	Catenibacterium_mitsuokai	Ethanol-resistant
Bacteria	Bacteroidota	Bacteroidia	Bacteroidales	Prevotellaceae	Prevotella	Prevotella_stercorea	Ethanol-resistant
Bacteria	Bacillota	Clostridia	Eubacteriales	Lachnospiraceae	Tyzzerella	Tyzzerella_nexilis	Non ethanol-resistant
Bacteria	Bacillota	CFGB4648	OFGB4648	FGB4648	GGB3303	GGB3303_SGB4364	Non ethanol-resistant
Bacteria	Bacillota	CFGB1777	OFGB1777	FGB1777	GGB4694	GGB4694_SGB6493	Non ethanol-resistant
Bacteria	Bacillota	Negativicutes	Acidaminococcales	Acidaminococcaceae	Phascolarctobacterium	Phascolarctobacterium_succinatutens	Ethanol-resistant
Bacteria	Bacillota	CFGB1258	OFGB1258	FGB1258	GGB3052	GGB3052_SGB4053	Non ethanol-resistant
Bacteria	Bacillota	CFGB10318	OFGB10318	FGB10318	GGB4641	GGB4641_SGB6420	Non ethanol-resistant
Bacteria	Bacillota	Clostridia	Eubacteriales	Clostridiaceae	Clostridiaceae_unclassified	Clostridiaceae_unclassified_SGB15090	Uncertain
Bacteria	Bacteroidota	Bacteroidia	Bacteroidales	Prevotellaceae	Prevotellamassilia	Prevotellamassilia_timonensis	Ethanol-resistant
Bacteria	Bacillota	CFGB2840	OFGB2840	FGB2840	GGB9095	GGB9095_SGB14026	Non ethanol-resistant
Bacteria	Bacillota	CFGB1798	OFGB1798	FGB1798	GGB4769	GGB4769_SGB6602	Ethanol-resistant
Bacteria	Bacteroidota	Bacteroidia	Bacteroidales	Prevotellaceae	Segatella	Segatella_hominis	Ethanol-resistant
Bacteria	Lentisphaerae	CFGB2378	OFGB2378	FGB2378	GGB6519	GGB6519_SGB9208	Non ethanol-resistant
Bacteria	Bacteroidota	Bacteroidia	Bacteroidales	Odoribacteraceae	Butyricimonas	Butyricimonas_faecalis	Ethanol-resistant
Bacteria	Bacteroidota	CFGB4405	OFGB4405	FGB4405	GGB1266	GGB1266_SGB1699	Uncertain
Bacteria	Bacillota	Clostridia	Eubacteriales	Oscillospiraceae	GGB9593	GGB9593_SGB15015	Uncertain
Bacteria	Bacillota	CFGB1776	OFGB1776	FGB1776	GGB4681	GGB4681_SGB6471	Non ethanol-resistant
Bacteria	Bacillota	CFGB3054	OFGB3054	FGB3054	GGB9691	GGB9691_SGB15198	Non ethanol-resistant
Bacteria	Bacteroidota	Bacteroidia	Bacteroidales	Prevotellaceae	GGB1243	GGB1243_SGB1664	Ethanol-resistant
Bacteria	Actinobacteria	Coriobacteriia	Eggerthellales	Eggerthellaceae	Ellagibacter	Ellagibacter_isourolithinifaciens	Non ethanol-resistant
Bacteria	Bacillota	CFGB10309	OFGB10309	FGB10309	GGB4676	GGB4676_SGB6465	Non ethanol-resistant
Bacteria	Bacillota	CFGB1765	OFGB1765	FGB1765	GGB4569	GGB4569_SGB6310	Ethanol-resistant
Bacteria	Bacillota	CFGB3041	OFGB3041	FGB3041	GGB9547	GGB9547_SGB14954	Non ethanol-resistant
Bacteria	Actinobacteria	Coriobacteriia	Coriobacteriales	Coriobacteriaceae	GGB9370	GGB9370_SGB14351	Non ethanol-resistant
Bacteria	Bacillota	CFGB10290	OFGB10290	FGB10290	GGB4710	GGB4710_SGB6522	Ethanol-resistant
Bacteria	Bacillota	CFGB1226	OFGB1226	FGB1226	GGB2998	GGB2998_SGB3989	Non ethanol-resistant
Bacteria	Bacillota	CFGB45555	OFGB45555	FGB45555	GGB9696	GGB9696_SGB15212	Non ethanol-resistant
Bacteria	Actinobacteria	Coriobacteriia	Coriobacteriales	Coriobacteriaceae	Senegalimassilia	Senegalimassilia_faecalis	Non ethanol-resistant
Bacteria	Bacteroidota	Bacteroidia	Bacteroidales	Bacteroidaceae	Phocaeicola	Phocaeicola_massiliensis	Ethanol-resistant
Bacteria	Actinobacteria	Coriobacteriia	Coriobacteriales	Coriobacteriaceae	Collinsella	Collinsella_bouchesdurhonensis	Non ethanol-resistant
Bacteria	Lentisphaerae	CFGB2345	OFGB2345	FGB2345	GGB6470	GGB6470_SGB9153	Non ethanol-resistant
Bacteria	Bacillota	Clostridia	Eubacteriales	Eubacteriales_unclassified	GGB9563	GGB9563_SGB14975	Non ethanol-resistant
Bacteria	Bacillota	CFGB73223	OFGB73223	FGB73223	GGB9249	GGB9249_SGB14193	Non ethanol-resistant
Bacteria	Bacillota	CFGB1359	OFGB1359	FGB1359	GGB39037	GGB39037_SGB4393	Non ethanol-resistant
Bacteria	Bacillota	Clostridia	Eubacteriales	Lachnospiraceae	GGB3637	GGB3637_SGB4930	Ethanol-resistant
Bacteria	Bacillota	CFGB4623	OFGB4623	FGB4623	GGB9525	GGB9525_SGB14925	Non ethanol-resistant
Bacteria	Bacillota	CFGB2881	OFGB2881	FGB2881	GGB9185	GGB9185_SGB14124	Non ethanol-resistant
Bacteria	Bacillota	CFGB2918	OFGB2918	FGB2918	GGB9239	GGB9239_SGB14181	Non ethanol-resistant
Bacteria	Lentisphaerae	CFGB2378	OFGB2378	FGB2378	GGB6518	GGB6518_SGB9205	Ethanol-resistant
Bacteria	Proteobacteria	CFGB2401	OFGB2401	FGB2401	GGB6586	GGB6586_SGB9311	Non ethanol-resistant
Bacteria	Bacillota	CFGB77243	OFGB77243	FGB77243	GGB3123	GGB3123_SGB4135	Non ethanol-resistant
Bacteria	Bacillota	Clostridia	Eubacteriales	Lachnospiraceae	Lachnospiraceae_unclassified	Lachnospiraceae_unclassified_SGB69346	Ethanol-resistant
Bacteria	Verrucomicrobia	Opitutae	Puniceicoccales	Puniceicoccaceae	GGB6129	GGB6129_SGB8775	Non ethanol-resistant
Bacteria	Bacillota	CFGB10021	OFGB10021	FGB10021	GGB9256	GGB9256_SGB14202	Uncertain
Bacteria	Bacillota	Clostridia	Eubacteriales	Peptostreptococcaceae	Peptostreptococcaceae_unclassified	Peptostreptococcaceae_bacterium	Non ethanol-resistant
Bacteria	Bacillota	Clostridia	Eubacteriales	Eubacteriales_unclassified	Gemmiger	Gemmiger_SGB15301	Non ethanol-resistant
Bacteria	Bacillota	CFGB1359	OFGB1359	FGB1359	GGB3321	GGB3321_SGB4395	Uncertain
Bacteria	Bacillota	CFGB2837	OFGB2837	FGB2837	GGB9082	GGB9082_SGB14007	Non ethanol-resistant
Bacteria	Bacillota	Negativicutes	Selenomonadales	Selenomonadaceae	Mitsuokella	Mitsuokella_jalaludinii	Non ethanol-resistant
Bacteria	Bacillota	Clostridia	Eubacteriales	Lachnospiraceae	GGB3649	GGB3649_SGB4958	Uncertain
Bacteria	Actinobacteria	Coriobacteriia	Coriobacteriales	Coriobacteriaceae	GGB9380	GGB9380_SGB14375	Non ethanol-resistant
Bacteria	Bacillota	Clostridia	Eubacteriales	Oscillospiraceae	Yanshouia	Yanshouia_hominis	Non ethanol-resistant
Bacteria	Bacillota	Negativicutes	Veillonellales	Veillonellaceae	Allisonella	Allisonella_histaminiformans	Non ethanol-resistant
Bacteria	Actinobacteria	Coriobacteriia	Coriobacteriales	Coriobacteriaceae	GGB9383	GGB9383_SGB72489	Non ethanol-resistant
Bacteria	Proteobacteria	Deltaproteobacteria	Desulfovibrionales	Desulfovibrionaceae	GGB9818	GGB9818_SGB15459	Non ethanol-resistant
Bacteria	Bacillota	CFGB3069	OFGB3069	FGB3069	GGB9773	GGB9773_SGB15393	Non ethanol-resistant
Bacteria	Bacillota	Clostridia	Eubacteriales	Christensenellaceae	GGB9186	GGB9186_SGB14125	Non ethanol-resistant
Bacteria	Bacillota	Negativicutes	Selenomonadales	Selenomonadaceae	Anaerovibrio	Anaerovibrio_lipolyticus	Ethanol-resistant
Bacteria	Bacillota	CFGB3072	OFGB3072	FGB3072	GGB9786	GGB9786_SGB63164	Non ethanol-resistant
Bacteria	Bacillota	CFGB2890	OFGB2890	FGB2890	GGB9198	GGB9198_SGB14137	Non ethanol-resistant
Bacteria	Actinobacteria	Coriobacteriia	Coriobacteriales	Coriobacteriaceae	GGB9380	GGB9380_SGB72486	Non ethanol-resistant
Bacteria	Bacteroidota	Bacteroidia	Bacteroidales	Bacteroidaceae	Bacteroides	Bacteroides_salyersiae	Non ethanol-resistant
Bacteria	Bacteroidota	Bacteroidia	Bacteroidales	Prevotellaceae	Segatella	Segatella_sanihominis	Ethanol-resistant
Bacteria	Bacillota	Erysipelotrichia	Erysipelotrichales	Turicibacteraceae	Turicibacter	Turicibacter_sp_TJ11	Only ethanol treated samples
Bacteria	Bacillota	Clostridia	Eubacteriales	Lachnospiraceae	Roseburia	Roseburia_sp_BX1005	Non ethanol-resistant
Bacteria	Bacillota	CFGB24517	OFGB24517	FGB24517	GGB45620	GGB45620_SGB63333	Non ethanol-resistant
Bacteria	Bacillota	CFGB3057	OFGB3057	FGB3057	GGB9719	GGB9719_SGB15273	Non ethanol-resistant
Bacteria	Bacillota	CFGB11916	OFGB11916	FGB11916	GGB34540	GGB34540_SGB54300	Non ethanol-resistant
Bacteria	Bacillota	Clostridia	Eubacteriales	Christensenellaceae	Christensenella	Christensenella_timonensis	Non ethanol-resistant
Bacteria	Bacillota	Clostridia	Eubacteriales	Eubacteriaceae	GGB3278	GGB3278_SGB4328	Uncertain
Bacteria	Bacillota	Clostridia	Eubacteriales	Clostridiaceae	Clostridium	Clostridium_sp_AF32_12BH	Uncertain
Bacteria	Actinobacteria	CFGB2992	OFGB2992	FGB2992	GGB9411	GGB9411_SGB14765	Non ethanol-resistant
Bacteria	Bacillota	Clostridia	Eubacteriales	Oscillospiraceae	GGB45599	GGB45599_SGB63311	Non ethanol-resistant
Bacteria	Bacillota	Clostridia	Eubacteriales	Oscillospiraceae	GGB9616	GGB9616_SGB15051	Non ethanol-resistant
Bacteria	Actinobacteria	Coriobacteriia	Coriobacteriales	Coriobacteriaceae	GGB18384	GGB18384_SGB14372	Non ethanol-resistant
Bacteria	Actinobacteria	Actinomycetia	Actinomycetales	Actinomycetaceae	Actinomyces	Actinomyces_massiliensis	Non ethanol-resistant
Bacteria	Bacillota	Erysipelotrichia	Erysipelotrichales	Erysipelotrichaceae	Solobacterium	Solobacterium_SGB6834	Non ethanol-resistant
Bacteria	Bacillota	Clostridia	Eubacteriales	Lachnospiraceae	Enterocloster	Enterocloster_asparagiformis	Non ethanol-resistant
Bacteria	Candidatus_Melainabacteria	CFGB2104	OFGB2104	FGB2104	GGB5996	GGB5996_SGB8619	Ethanol-resistant
Bacteria	Bacteroidota	CFGB72486	OFGB72486	FGB72486	GGB1633	GGB1633_SGB2241	Ethanol-resistant
Bacteria	Bacillota	CFGB3069	OFGB3069	FGB3069	GGB9770	GGB9770_SGB73065	Non ethanol-resistant
Bacteria	Bacillota	Clostridia	Eubacteriales	Oscillospiraceae	Acetivibrio	Acetivibrio_sp_MSJd_27	Non ethanol-resistant
Bacteria	Bacteroidota	Bacteroidia	Bacteroidales	Bacteroidaceae	Bacteroides	Bacteroides_eggerthii	Uncertain
Bacteria	Bacillota	CFGB82363	OFGB82363	FGB82363	GGB9545	GGB9545_SGB14951	Non ethanol-resistant
Bacteria	Bacillota	CFGB1359	OFGB1359	FGB1359	GGB83852	GGB83852_SGB121539	Non ethanol-resistant
Bacteria	Bacillota	Tissierellia	Tissierellales	Peptoniphilaceae	Peptoniphilus	Peptoniphilus_duerdenii	Non ethanol-resistant
Bacteria	Bacteroidota	Bacteroidia	Bacteroidales	Porphyromonadaceae	Porphyromonas	Porphyromonas_SGB1983	Non ethanol-resistant
Bacteria	Bacillota	Negativicutes	Veillonellales	Veillonellaceae	GGB4277	GGB4277_SGB5832	Only ethanol treated samples
Bacteria	Bacteroidota	Bacteroidia	Bacteroidales	Prevotellaceae	Prevotella	Prevotella_buccalis	Non ethanol-resistant
Bacteria	Proteobacteria	CFGB2404	OFGB2404	FGB2404	GGB6612	GGB6612_SGB9346	Ethanol-resistant
Bacteria	Candidatus_Melainabacteria	CFGB2107	OFGB2107	FGB2107	GGB6012	GGB6012_SGB8640	Uncertain
Bacteria	Bacillota	CFGB1765	OFGB1765	FGB1765	GGB4559	GGB4559_SGB6293	Non ethanol-resistant
Bacteria	Bacillota	CFGB1765	OFGB1765	FGB1765	GGB4586	GGB4586_SGB6344	Only ethanol treated samples
Bacteria	Bacillota	Clostridia	Eubacteriales	Peptostreptococcaceae	Peptostreptococcus	Peptostreptococcus_stomatis	Only ethanol treated samples
Bacteria	Actinobacteria	CFGB12107	OFGB12107	FGB12107	GGB34797	GGB34797_SGB14323	Non ethanol-resistant
Bacteria	Actinobacteria	Actinomycetia	Micrococcales	Micrococcaceae	Rothia	Rothia_SGB49305	Non ethanol-resistant
Bacteria	Bacillota	Tissierellia	Tissierellales	Peptoniphilaceae	Parvimonas	Parvimonas_micra	Only ethanol treated samples
Bacteria	Bacillota	Clostridia	Eubacteriales	Lachnospiraceae	Lachnoclostridium	Lachnoclostridium_pacaense	Non ethanol-resistant
Bacteria	Bacillota	CFGB3009	OFGB3009	FGB3009	GGB9474	GGB9474_SGB14868	Non ethanol-resistant
Bacteria	Bacillota	Clostridia	Eubacteriales	Lachnospiraceae	Diplocloster	Diplocloster_modestus	Non ethanol-resistant
Bacteria	Bacteroidota	Bacteroidia	Bacteroidales	Prevotellaceae	Prevotella	Prevotella_corporis	Non ethanol-resistant
Bacteria	Bacillota	CFGB1765	OFGB1765	FGB1765	GGB4605	GGB4605_SGB6376	Non ethanol-resistant
Bacteria	Bacillota	Clostridia	Eubacteriales	Christensenellaceae	Christensenella	Christensenella_minuta	Non ethanol-resistant
Bacteria	Bacillota	CFGB3172	OFGB3172	FGB3172	GGB10692	GGB10692_SGB17347	Non ethanol-resistant
Bacteria	Bacillota	Clostridia	Eubacteriales	Oscillospiraceae	Ruminococcus	Ruminococcus_bovis	Non ethanol-resistant
Bacteria	Bacillota	Negativicutes	Veillonellales	Veillonellaceae	Dialister	Dialister_succinatiphilus	Ethanol-resistant
Bacteria	Bacillota	Clostridia	Eubacteriales	Oscillospiraceae	Ruminococcus	Ruminococcus_SGB4421	Non ethanol-resistant
Bacteria	Bacillota	CFGB1474	OFGB1474	FGB1474	GGB3731	GGB3731_SGB5063	Non ethanol-resistant
Bacteria	Bacillota	Clostridia	Eubacteriales	Oscillospiraceae	GGB3345	GGB3345_SGB4425	Ethanol-resistant
Bacteria	Tenericutes	CFGB1789	OFGB1789	FGB1789	GGB4754	GGB4754_SGB6584	Only ethanol treated samples
Bacteria	Proteobacteria	Betaproteobacteria	Burkholderiales	Sutterellaceae	Sutterella	Sutterella_SGB9298	Non ethanol-resistant
Bacteria	Bacteroidota	Bacteroidia	Bacteroidales	Prevotellaceae	Prevotella	Prevotella_lascolaii	Non ethanol-resistant
Bacteria	Bacillota	Clostridia	Eubacteriales	Oscillospiraceae	Ruminococcus	Ruminococcus_sp_AF13_28	Non ethanol-resistant
Bacteria	Bacillota	Clostridia	Eubacteriales	Eubacteriaceae	Eubacterium	Eubacterium_sp_AF34_35BH	Non ethanol-resistant
Bacteria	Bacillota	Clostridia	Eubacteriales	Lachnospiraceae	Lachnospiraceae_unclassified	Lachnospiraceae_unclassified_SGB4708	Non ethanol-resistant
Bacteria	Bacillota	Clostridia	Eubacteriales	Oscillospiraceae	Oscillospiraceae_unclassified	Oscillospiraceae_unclassified_SGB15253	Non ethanol-resistant
Bacteria	Bacillota	CFGB1765	OFGB1765	FGB1765	GGB4597	GGB4597_SGB6359	Non ethanol-resistant
Bacteria	Actinobacteria	Actinomycetia	Bifidobacteriales	Bifidobacteriaceae	Bifidobacterium	Bifidobacterium_pseudocatenulatum	Non ethanol-resistant
Bacteria	Proteobacteria	Betaproteobacteria	Burkholderiales	Sutterellaceae	Sutterella	Sutterella_seckii	Non ethanol-resistant
Bacteria	Bacillota	Clostridia	Eubacteriales	Clostridiaceae	Clostridiaceae_unclassified	Clostridiaceae_bacterium_CLA_AA_H274	Non ethanol-resistant
Bacteria	Bacillota	CFGB1765	OFGB1765	FGB1765	GGB4604	GGB4604_SGB6370	Non ethanol-resistant
Bacteria	Bacillota	Clostridia	Eubacteriales	Oscillospiraceae	GGB9595	GGB9595_SGB15018	Non ethanol-resistant
Bacteria	Bacteroidota	Bacteroidia	Bacteroidales	Rikenellaceae	Alistipes	Alistipes_sp_AF17_16	Non ethanol-resistant
Bacteria	Bacillota	CFGB9119	OFGB9119	FGB9119	GGB4653	GGB4653_SGB6440	Non ethanol-resistant
Bacteria	Bacillota	CFGB38791	OFGB38791	FGB38791	GGB9252	GGB9252_SGB14196	Non ethanol-resistant
Bacteria	Actinobacteria	Coriobacteriia	Eggerthellales	Eggerthellaceae	GGB9434	GGB9434_SGB14812	Non ethanol-resistant
Bacteria	Bacillota	CFGB1337	OFGB1337	FGB1337	GGB3254	GGB3254_SGB4301	Non ethanol-resistant
Bacteria	Bacteroidota	Bacteroidia	Bacteroidales	Muribaculaceae	GGB1550	GGB1550_SGB2134	Non ethanol-resistant
Bacteria	Bacillota	Erysipelotrichia	Erysipelotrichales	Erysipelotrichaceae	Holdemania	Holdemania_sp_1001095H_141210_F2	Only ethanol treated samples
Bacteria	Bacillota	Clostridia	Eubacteriales	Clostridiaceae	GGB9574	GGB9574_SGB14987	Non ethanol-resistant
Bacteria	Bacillota	CFGB1311	OFGB1311	FGB1311	GGB3142	GGB3142_SGB4155	Non ethanol-resistant
Bacteria	Proteobacteria	CFGB2403	OFGB2403	FGB2403	GGB6601	GGB6601_SGB9333	Only ethanol treated samples
Bacteria	Bacillota	Bacilli	Lactobacillales	Lactobacillaceae	Latilactobacillus	Latilactobacillus_fuchuensis	Non ethanol-resistant
Bacteria	Bacillota	CFGB30287	OFGB30287	FGB30287	GGB42378	GGB42378_SGB59548	Non ethanol-resistant
Bacteria	Bacillota	CFGB10318	OFGB10318	FGB10318	GGB4664	GGB4664_SGB6452	Non ethanol-resistant
Bacteria	Bacillota	Bacilli	Bacillales	Bacillales_unclassified	Gemella	Gemella_morbillorum	Only ethanol treated samples
Bacteria	Proteobacteria	Deltaproteobacteria	Desulfovibrionales	Desulfovibrionaceae	GGB9813	GGB9813_SGB15447	Ethanol-resistant
Bacteria	Bacillota	Clostridia	Eubacteriales	Oscillospiraceae	GGB9642	GGB9642_SGB15119	Uncertain
Bacteria	Bacillota	Clostridia	Eubacteriales	Lachnospiraceae	GGB3740	GGB3740_SGB5077	Ethanol-resistant
Bacteria	Bacillota	Negativicutes	Acidaminococcales	Acidaminococcaceae	Acidaminococcus	Acidaminococcus_fermentans	Ethanol-resistant
Bacteria	Bacillota	CFGB75721	OFGB75721	FGB75721	GGB9524	GGB9524_SGB14924	Uncertain
Bacteria	Bacillota	CFGB77566	OFGB77566	FGB77566	GGB51139	GGB51139_SGB71360	Non ethanol-resistant
Bacteria	Synergistetes	Synergistia	Synergistales	Synergistaceae	Pyramidobacter	Pyramidobacter_piscolens	Ethanol-resistant
Bacteria	Bacillota	Negativicutes	Acidaminococcales	Acidaminococcaceae	Acidaminococcus	Acidaminococcus_intestini	Non ethanol-resistant
Bacteria	Bacillota	CFGB1765	OFGB1765	FGB1765	GGB4583	GGB4583_SGB6334	Uncertain
Bacteria	Bacillota	Erysipelotrichia	Erysipelotrichales	Erysipelotrichaceae	Erysipelotrichaceae_unclassified	Erysipelotrichaceae_bacterium_LH1062	Uncertain
Bacteria	Bacillota	Bacilli	Bacillales	Staphylococcaceae	Staphylococcus	Staphylococcus_carnosus	Non ethanol-resistant
Bacteria	Proteobacteria	Gammaproteobacteria	Enterobacterales	Enterobacteriaceae	Klebsiella	Klebsiella_grimontii	Uncertain
Bacteria	Bacteroidota	Bacteroidia	Bacteroidales	Bacteroidaceae	Bacteroides	Bacteroides_clarus	Non ethanol-resistant
Bacteria	Proteobacteria	Gammaproteobacteria	Enterobacterales	Enterobacteriaceae	Enterobacter	Enterobacter_cancerogenus	Non ethanol-resistant
Bacteria	Bacillota	CFGB3054	OFGB3054	FGB3054	GGB9694	GGB9694_SGB15204	Non ethanol-resistant
Bacteria	Actinobacteria	Actinomycetia	Corynebacteriales	Corynebacteriaceae	Corynebacterium	Corynebacterium_argentoratense	Non ethanol-resistant
Bacteria	Bacillota	Clostridia	Eubacteriales	Lachnospiraceae	Lachnoclostridium	Lachnoclostridium_sp_An138	Non ethanol-resistant
Bacteria	Chloroflexi	Anaerolineae	Anaerolineales	Anaerolineaceae	Anaerolineaceae_unclassified	Anaerolineaceae_bacterium_oral_taxon_439	Non ethanol-resistant
Bacteria	Actinobacteria	Actinomycetia	Corynebacteriales	Lawsonellaceae	Lawsonella	Lawsonella_SGB3665	Non ethanol-resistant
Bacteria	Bacillota	CFGB4529	OFGB4529	FGB4529	GGB3654	GGB3654_SGB4965	Non ethanol-resistant
Bacteria	Bacillota	Clostridia	Eubacteriales	Clostridiaceae	GGB3486	GGB3486_SGB4658	Non ethanol-resistant
Bacteria	Bacillota	CFGB1012	OFGB1012	FGB1012	GGB2657	GGB2657_SGB3578	Non ethanol-resistant
Bacteria	Bacteroidota	Bacteroidia	Bacteroidales	Tannerellaceae	Parabacteroides	Parabacteroides_gordonii	Non ethanol-resistant
Bacteria	Bacillota	Clostridia	Eubacteriales	Clostridiaceae	Sarcina	Sarcina_ventriculi	Uncertain
Bacteria	Proteobacteria	Gammaproteobacteria	Enterobacterales	Enterobacteriaceae	Citrobacter	Citrobacter_freundii	Non ethanol-resistant
Bacteria	Bacillota	Clostridia	Eubacteriales	Eubacteriaceae	Eubacteriaceae_unclassified	Eubacteriaceae_bacterium_Marseille_Q4139	Non ethanol-resistant
Bacteria	Bacillota	Bacilli	Lactobacillales	Enterococcaceae	Enterococcus	Enterococcus_gallinarum	Non ethanol-resistant
Bacteria	Proteobacteria	Gammaproteobacteria	Enterobacterales	Hafniaceae	Hafnia	Hafnia_paralvei	Non ethanol-resistant
Bacteria	Bacillota	CFGB79224	OFGB79224	FGB79224	GGB28880	GGB28880_SGB41560	Non ethanol-resistant
Bacteria	Bacillota	Clostridia	Eubacteriales	Eubacteriaceae	GGB3277	GGB3277_SGB4327	Only ethanol treated samples
Bacteria	Bacteroidota	Bacteroidia	Bacteroidales	Bacteroidaceae	Bacteroides	Bacteroides_propionicigenes	Non ethanol-resistant
Bacteria	Bacillota	Clostridia	Eubacteriales	Oscillospiraceae	GGB36331	GGB36331_SGB15121	Uncertain
Bacteria	Bacillota	Clostridia	Eubacteriales	Eubacteriales_Family_XIII_Incertae_Sedis	Baileyella	Baileyella_intestinalis	Non ethanol-resistant
Bacteria	Proteobacteria	Betaproteobacteria	Burkholderiales	Sutterellaceae	Mesosutterella	Mesosutterella_multiformis	Non ethanol-resistant
Bacteria	Bacillota	Negativicutes	Acidaminococcales	Acidaminococcaceae	Acidaminococcus	Acidaminococcus_massiliensis	Non ethanol-resistant
Bacteria	Bacillota	Clostridia	Eubacteriales	Oscillospiraceae	GGB9623	GGB9623_SGB15075	Non ethanol-resistant
Bacteria	Bacillota	Clostridia	Eubacteriales	Clostridiaceae	GGB3532	GGB3532_SGB4720	Non ethanol-resistant
Bacteria	Actinobacteria	Coriobacteriia	Coriobacteriales	Coriobacteriaceae	GGB51960	GGB51960_SGB72480	Non ethanol-resistant
Bacteria	Bacillota	CFGB2930	OFGB2930	FGB2930	GGB9253	GGB9253_SGB14198	Non ethanol-resistant
Bacteria	Bacillota	Clostridia	Eubacteriales	Eubacteriales_unclassified	Massilistercora	Massilistercora_timonensis	Non ethanol-resistant
Bacteria	Bacillota	CFGB2890	OFGB2890	FGB2890	GGB9199	GGB9199_SGB14138	Non ethanol-resistant
Bacteria	Bacillota	Firmicutes_unclassified	Firmicutes_unclassified	Firmicutes_unclassified	Negativibacillus	Negativibacillus_massiliensis	Non ethanol-resistant
Bacteria	Bacillota	Bacilli	Lactobacillales	Lactobacillaceae	Limosilactobacillus	Limosilactobacillus_mucosae	Non ethanol-resistant
Bacteria	Bacillota	CFGB1227	OFGB1227	FGB1227	GGB3000	GGB3000_SGB3991	Non ethanol-resistant
Bacteria	Bacillota	Clostridia	Eubacteriales	Oscillospiraceae	GGB9641	GGB9641_SGB15117	Non ethanol-resistant
Bacteria	Bacillota	CFGB3054	OFGB3054	FGB3054	GGB9582	GGB9582_SGB15000	Non ethanol-resistant
Bacteria	Bacillota	CFGB2840	OFGB2840	FGB2840	GGB9091	GGB9091_SGB14020	Non ethanol-resistant
Bacteria	Bacillota	CFGB3054	OFGB3054	FGB3054	GGB33512	GGB33512_SGB15201	Non ethanol-resistant
Bacteria	Bacillota	Clostridia	Eubacteriales	Oscillospiraceae	Flavonifractor	Flavonifractor_sp_An135	Non ethanol-resistant
Bacteria	Actinobacteria	Actinomycetia	Bifidobacteriales	Bifidobacteriaceae	Alloscardovia	Alloscardovia_omnicolens	Non ethanol-resistant
Bacteria	Bacillota	Clostridia	Eubacteriales	Clostridiaceae	Clostridium	Clostridium_tertium	Non ethanol-resistant
Bacteria	Bacillota	Bacilli	Lactobacillales	Streptococcaceae	Lactococcus	Lactococcus_raffinolactis	Non ethanol-resistant
Bacteria	Bacillota	Clostridia	Eubacteriales	Oscillospiraceae	GGB9453	GGB9453_SGB14845	Non ethanol-resistant
Bacteria	Bacillota	CFGB45503	OFGB45503	FGB45503	GGB48165	GGB48165_SGB66168	Non ethanol-resistant
Bacteria	Bacillota	Bacilli	Lactobacillales	Streptococcaceae	Streptococcus	Streptococcus_sobrinus	Non ethanol-resistant
Bacteria	Bacillota	CFGB79245	OFGB79245	FGB79245	GGB3510	GGB3510_SGB4687	Non ethanol-resistant
Bacteria	Bacillota	Negativicutes	Veillonellales	Veillonellaceae	Veillonella	Veillonella_denticariosi	Non ethanol-resistant
Bacteria	Bacillota	Bacilli	Lactobacillales	Streptococcaceae	Streptococcus	Streptococcus_pneumoniae	Non ethanol-resistant
Bacteria	Bacillota	CFGB72899	OFGB72899	FGB72899	GGB4611	GGB4611_SGB6385	Non ethanol-resistant
Bacteria	Bacillota	CFGB11257	OFGB11257	FGB11257	GGB74802	GGB74802_SGB47402	Non ethanol-resistant
Bacteria	Bacillota	Clostridia	Eubacteriales	Lachnospiraceae	Zhenhengia	Zhenhengia_yiwuensis	Only ethanol treated samples
Bacteria	Bacillota	Clostridia	Eubacteriales	Oscillospiraceae	Flavonifractor	Flavonifractor_sp_An10	Non ethanol-resistant
Bacteria	Bacillota	CFGB1227	OFGB1227	FGB1227	GGB3002	GGB3002_SGB3993	Non ethanol-resistant
Bacteria	Bacillota	Clostridia	Eubacteriales	Lachnospiraceae	Lachnoclostridium	Lachnoclostridium_sp_An14	Non ethanol-resistant
Bacteria	Bacillota	Clostridia	Eubacteriales	Lachnospiraceae	Lachnoclostridium	Lachnoclostridium_sp_An131	Non ethanol-resistant
Bacteria	Bacillota	CFGB2845	OFGB2845	FGB2845	GGB9115	GGB9115_SGB14048	Non ethanol-resistant
Bacteria	Bacillota	CFGB3054	OFGB3054	FGB3054	GGB9695	GGB9695_SGB15209	Non ethanol-resistant
Bacteria	Bacillota	CFGB2838	OFGB2838	FGB2838	GGB9086	GGB9086_SGB14014	Non ethanol-resistant
Bacteria	Bacillota	CFGB3009	OFGB3009	FGB3009	GGB9476	GGB9476_SGB14870	Non ethanol-resistant
Bacteria	Bacillota	Clostridia	Eubacteriales	Lachnospiraceae	Lachnoclostridium	Lachnoclostridium_phocaeense	Non ethanol-resistant
Bacteria	Bacillota	Clostridia	Eubacteriales	Oscillospiraceae	Flavonifractor	Flavonifractor_sp_AGMB03687	Non ethanol-resistant
Bacteria	Bacillota	Bacilli	Lactobacillales	Enterococcaceae	Enterococcus	Enterococcus_hirae	Non ethanol-resistant
Bacteria	Bacillota	Bacilli	Lactobacillales	Enterococcaceae	Enterococcus	Enterococcus_gilvus	Non ethanol-resistant
Bacteria	Bacillota	Bacilli	Lactobacillales	Lactobacillaceae	Lactiplantibacillus	Lactiplantibacillus_paraplantarum	Non ethanol-resistant
Bacteria	Bacillota	Bacilli	Lactobacillales	Enterococcaceae	Enterococcus	Enterococcus_devriesei	Non ethanol-resistant
Bacteria	Bacillota	Bacilli	Bacillales	Staphylococcaceae	Staphylococcus	Staphylococcus_xylosus	Non ethanol-resistant
Bacteria	Bacillota	Bacilli	Lactobacillales	Enterococcaceae	Enterococcus	Enterococcus_pseudoavium	Non ethanol-resistant
Bacteria	Bacillota	CFGB3041	OFGB3041	FGB3041	GGB9547	GGB9547_SGB14953	Non ethanol-resistant
Bacteria	Bacillota	Clostridia	Eubacteriales	Lachnospiraceae	GGB3816	GGB3816_SGB5181	Non ethanol-resistant
Bacteria	Bacillota	CFGB3072	OFGB3072	FGB3072	GGB9782	GGB9782_SGB15403	Non ethanol-resistant
Bacteria	Bacillota	CFGB1347	OFGB1347	FGB1347	GGB3289	GGB3289_SGB4343	Non ethanol-resistant
Bacteria	Bacillota	Clostridia	Eubacteriales	Oscillospiraceae	Pseudoruminococcus	Pseudoruminococcus_massiliensis	Non ethanol-resistant
Bacteria	Bacillota	Clostridia	Eubacteriales	Lachnospiraceae	GGB3678	GGB3678_SGB4991	Non ethanol-resistant
Bacteria	Bacillota	Clostridia	Eubacteriales	Lachnospiraceae	GGB42689	GGB42689_SGB59892	Non ethanol-resistant
Bacteria	Bacillota	Clostridia	Eubacteriales	Lachnospiraceae	GGB3737	GGB3737_SGB5071	Uncertain
Bacteria	Bacillota	Erysipelotrichia	Erysipelotrichales	Erysipelotrichaceae	Erysipelatoclostridium	Erysipelatoclostridium_SGB66626	Non ethanol-resistant
Bacteria	Bacillota	Clostridia	Eubacteriales	Lachnospiraceae	Roseburia	Roseburia_porci	Non ethanol-resistant
Bacteria	Bacillota	Clostridia	Eubacteriales	Oscillospiraceae	Anaeromassilibacillus	Anaeromassilibacillus_sp_An172	Uncertain
Bacteria	Bacillota	Clostridia	Eubacteriales	Lachnospiraceae	GGB74505	GGB74505_SGB47518	Uncertain
Bacteria	Bacillota	Clostridia	Eubacteriales	Lachnospiraceae	Anaerotignum	Anaerotignum_lactatifermentans	Non ethanol-resistant
Bacteria	Bacillota	Clostridia	Eubacteriales	Lachnospiraceae	Eisenbergiella	Eisenbergiella_massiliensis	Uncertain
Bacteria	Bacillota	Clostridia	Eubacteriales	Lachnospiraceae	GGB3817	GGB3817_SGB5182	Non ethanol-resistant
Bacteria	Proteobacteria	Betaproteobacteria	Burkholderiales	Sutterellaceae	Dakarella	Dakarella_massiliensis	Non ethanol-resistant
Bacteria	Actinobacteria	Coriobacteriia	Eggerthellales	Eggerthellaceae	Enteroscipio	Enteroscipio_rubneri	Non ethanol-resistant
Bacteria	Bacillota	Clostridia	Eubacteriales	Lachnospiraceae	Eisenbergiella	Eisenbergiella_sp_OF01_20	Non ethanol-resistant
Bacteria	Bacillota	CFGB3009	OFGB3009	FGB3009	GGB31234	GGB31234_SGB14869	Non ethanol-resistant
Bacteria	Bacillota	Erysipelotrichia	Erysipelotrichales	Erysipelotrichaceae	Massilicoli	Massilicoli_timonensis	Non ethanol-resistant
Bacteria	Bacillota	Clostridia	Eubacteriales	Oscillospiraceae	Monoglobus	Monoglobus_pectinilyticus	Non ethanol-resistant
Bacteria	Bacillota	Clostridia	Eubacteriales	Oscillospiraceae	Ruminococcus	Ruminococcus_gauvreauii	Non ethanol-resistant
Bacteria	Bacillota	Clostridia	Eubacteriales	Lachnospiraceae	Blautia	Blautia_marasmi	Non ethanol-resistant
Bacteria	Bacillota	CFGB75721	OFGB75721	FGB75721	GGB9523	GGB9523_SGB14922	Non ethanol-resistant
Bacteria	Candidatus_Melainabacteria	CFGB2107	OFGB2107	FGB2107	GGB6010	GGB6010_SGB8637	Non ethanol-resistant
Bacteria	Bacillota	Bacilli	Lactobacillales	Enterococcaceae	Enterococcus	Enterococcus_avium	Non ethanol-resistant
Bacteria	Bacillota	Clostridia	Eubacteriales	Clostridiaceae	Clostridium	Clostridium_sp_D5	Non ethanol-resistant
Bacteria	Bacillota	Clostridia	Eubacteriales	Lachnospiraceae	GGB3678	GGB3678_SGB4992	Non ethanol-resistant
Bacteria	Bacillota	CFGB79326	OFGB79326	FGB79326	GGB43675	GGB43675_SGB61016	Non ethanol-resistant
Bacteria	Bacillota	Bacilli	Lactobacillales	Carnobacteriaceae	Carnobacterium	Carnobacterium_divergens	Non ethanol-resistant
Bacteria	Actinobacteria	Actinomycetia	Bifidobacteriales	Bifidobacteriaceae	Scardovia	Scardovia_wiggsiae	Non ethanol-resistant
Bacteria	Bacillota	Clostridia	Eubacteriales	Lachnospiraceae	GGB13283	GGB13283_SGB4948	Non ethanol-resistant
Bacteria	Bacillota	Clostridia	Eubacteriales	Lachnospiraceae	GGB3496	GGB3496_SGB4671	Non ethanol-resistant
Bacteria	Bacillota	CFGB2906	OFGB2906	FGB2906	GGB9225	GGB9225_SGB14166	Non ethanol-resistant
Bacteria	Bacillota	Clostridia	Eubacteriales	Lachnospiraceae	GGB3519	GGB3519_SGB4698	Non ethanol-resistant
Bacteria	Bacillota	Bacilli	Lactobacillales	Streptococcaceae	Streptococcus	Streptococcus_intermedius	Only ethanol treated samples
Bacteria	Bacillota	CFGB2979	OFGB2979	FGB2979	GGB40351	GGB40351_SGB14301	Non ethanol-resistant
Bacteria	Candidatus_Melainabacteria	CFGB2106	OFGB2106	FGB2106	GGB5980	GGB5980_SGB8599	Uncertain
Bacteria	Bacillota	Clostridia	Eubacteriales	Clostridiaceae	GGB9580	GGB9580_SGB14998	Non ethanol-resistant
Bacteria	Bacillota	Clostridia	Eubacteriales	Clostridiaceae	Butyricicoccus	Butyricicoccus_faecihominis	Non ethanol-resistant
Bacteria	Bacillota	Clostridia	Eubacteriales	Clostridiaceae	Clostridium	Clostridium_neonatale	Non ethanol-resistant
Bacteria	Bacillota	Tissierellia	Tissierellales	Peptoniphilaceae	Anaerococcus	Anaerococcus_obesiensis	Only ethanol treated samples
Bacteria	Bacillota	Bacilli	Bacillales	Bacillales_unclassified	Gemella	Gemella_asaccharolytica	Only ethanol treated samples
Bacteria	Actinobacteria	Actinomycetia	Corynebacteriales	Lawsonellaceae	Lawsonella	Lawsonella_clevelandensis	Only ethanol treated samples
Bacteria	Candidatus_Saccharibacteria	Candidatus_Nanosyncoccalia	Candidatus_Nanogingivales	Candidatus_Nanogingivalaceae	GGB12785	GGB12785_SGB19823	Only ethanol treated samples
Bacteria	Proteobacteria	Betaproteobacteria	Neisseriales	Neisseriaceae	Neisseria	Neisseria_subflava	Only ethanol treated samples
Bacteria	Bacillota	Clostridia	Eubacteriales	Lachnospiraceae	GGB3385	GGB3385_SGB4471	Only ethanol treated samples
Bacteria	Bacillota	Negativicutes	Selenomonadales	Selenomonadaceae	Selenomonas	Selenomonas_SGB5880	Only ethanol treated samples
Bacteria	Bacillota	Bacilli	Lactobacillales	Lactobacillaceae	Fructilactobacillus	Fructilactobacillus_sanfranciscensis	Only ethanol treated samples
Bacteria	Actinobacteria	Actinomycetia	Actinomycetales	Actinomycetaceae	Actinomyces	Actinomyces_dentalis	Only ethanol treated samples
Bacteria	Actinobacteria	Actinomycetia	Actinomycetales	Actinomycetaceae	Schaalia	Schaalia_meyeri	Only ethanol treated samples
Bacteria	Candidatus_Saccharibacteria	Candidatus_Saccharibacteria_unclassified	Candidatus_Saccharibacteria_unclassified	Candidatus_Saccharibacteria_unclassified	Candidatus_Saccharibacteria_unclassified	Candidatus_Saccharibacteria_bacterium_oral_taxon_488	Only ethanol treated samples
Bacteria	Bacillota	Bacilli	Lactobacillales	Lactobacillaceae	Oenococcus	Oenococcus_oeni	Only ethanol treated samples
Bacteria	Bacillota	Bacilli	Lactobacillales	Lactobacillaceae	Lactobacillus	Lactobacillus_helveticus	Only ethanol treated samples
Bacteria	Bacillota	Bacilli	Lactobacillales	Streptococcaceae	Lactococcus	Lactococcus_garvieae	Only ethanol treated samples
Bacteria	Bacillota	Bacilli	Lactobacillales	Streptococcaceae	Streptococcus	Streptococcus_orisratti	Only ethanol treated samples
Bacteria	Bacillota	Bacilli	Lactobacillales	Streptococcaceae	Streptococcus	Streptococcus_ferus	Only ethanol treated samples
Bacteria	Bacillota	Bacilli	Lactobacillales	Streptococcaceae	Lactococcus	Lactococcus_laudensis	Only ethanol treated samples
Bacteria	Bacillota	Negativicutes	Selenomonadales	Selenomonadaceae	Megamonas	Megamonas_funiformis	Only ethanol treated samples
Bacteria	Candidatus_Saccharibacteria	Candidatus_Saccharimonadia	Candidatus_Saccharimonadales	Candidatus_Saccharimonadaceae	Candidatus_Nanosynsacchari	Candidatus_Nanosynsacchari_sp_TM7_ANC_38_39_G1_1	Only ethanol treated samples
Bacteria	Bacillota	Bacilli	Lactobacillales	Lactobacillaceae	Limosilactobacillus	Limosilactobacillus_fermentum	Only ethanol treated samples
Bacteria	Bacillota	Erysipelotrichia	Erysipelotrichales	Turicibacteraceae	GGB41904	GGB41904_SGB59003	Only ethanol treated samples
Bacteria	Actinobacteria	Coriobacteriia	Coriobacteriales	Atopobiaceae	Olsenella	Olsenella_sp_oral_taxon_807	Only ethanol treated samples
Bacteria	Bacillota	Clostridia	Eubacteriales	Peptostreptococcaceae	Paeniclostridium	Eubacterium_tenue	Only ethanol treated samples
Bacteria	Bacillota	Clostridia	Eubacteriales	Clostridiaceae	Clostridium	Clostridium_butyricum	Only ethanol treated samples
Bacteria	Bacillota	Clostridia	Eubacteriales	Lachnospiraceae	GGB28886	GGB28886_SGB41567	Only ethanol treated samples
Bacteria	Bacillota	Clostridia	Eubacteriales	Lachnospiraceae	GGB42184	GGB42184_SGB59334	Only ethanol treated samples
Bacteria	Bacillota	Clostridia	Eubacteriales	Lachnospiraceae	Tyzzerella	Tyzzerella_SGB4454	Only ethanol treated samples
Bacteria	Bacillota	Bacilli	Bacillales	Bacillales_unclassified	Gemella	Gemella_haemolysans	Only ethanol treated samples
Bacteria	Bacillota	Clostridia	Eubacteriales	Peptostreptococcaceae	Terrisporobacter	Terrisporobacter_mayombei	Only ethanol treated samples
Bacteria	Bacillota	Bacilli	Bacillales	Bacillaceae	Cytobacillus	Cytobacillus_stercorigallinarum	Only ethanol treated samples
Bacteria	Bacillota	Bacilli	Bacillales	Bacillaceae	Alkalihalobacillus	Alkalihalobacillus_clausii	Only ethanol treated samples
Bacteria	Bacillota	Bacilli	Bacillales	Bacillales_unclassified	Gemella	Gemella_SGB7293	Only ethanol treated samples
Bacteria	Bacillota	Clostridia	Eubacteriales	Lachnospiraceae	Lachnospiraceae_unclassified	Lachnospiraceae_bacterium_oral_taxon_096	Only ethanol treated samples
Bacteria	Proteobacteria	Gammaproteobacteria	Enterobacterales	Enterobacteriaceae	Enterobacter	Enterobacter_asburiae	Only ethanol treated samples
Bacteria	Bacillota	Clostridia	Eubacteriales	Peptostreptococcaceae	Paeniclostridium	Paeniclostridium_sordellii	Only ethanol treated samples
Bacteria	Bacillota	Clostridia	Eubacteriales	Clostridiaceae	Clostridium	Clostridium_culturomicium	Only ethanol treated samples
Bacteria	Bacillota	Bacilli	Lactobacillales	Lactobacillaceae	Limosilactobacillus	Limosilactobacillus_reuteri	Only ethanol treated samples
